Query_ID	Target_ID	Optimal_offset	p-value	E-value	q-value	Overlap	Query_consensus	Target_consensus	Orientation
1-CCASYAGRKGGCRSYVKDG	MA0139.1	3	3.81632e-11	7.46471e-08	1.49162e-07	16	CCACTAGAGGGCACTATAG	TGGCCACCAGGGGGCGCTA	+
1-CCASYAGRKGGCRSYVKDG	MA1930.1	19	4.84872e-10	9.48409e-07	7.87634e-07	16	CCACTAGAGGGCACTATAG	CTGCAGTTCCCCCTTCTGGCCACTAGGGGGCGCTA	+
1-CCASYAGRKGGCRSYVKDG	MA1929.1	18	6.04548e-10	1.1825e-06	7.87634e-07	16	CCACTAGAGGGCACTATAG	CTGCAGTTCCAGCTGTGGCCACCAGGGGGCGCTA	+
1-CCASYAGRKGGCRSYVKDG	MA0531.1	0	4.37347e-08	8.55451e-05	4.27348e-05	15	CCACTAGAGGGCACTATAG	CCGCTAGATGGCGCC	+
1-CCASYAGRKGGCRSYVKDG	MA1102.2	-2	1.83704e-06	0.00359326	0.00143603	12	CCACTAGAGGGCACTATAG	AGCAGGGGGCGC	+
1-CCASYAGRKGGCRSYVKDG	MA1568.1	-1	5.88275e-05	0.115067	0.0347734	12	CCACTAGAGGGCACTATAG	CACCATATGGCG	+
1-CCASYAGRKGGCRSYVKDG	MA1638.1	-2	6.22774e-05	0.121814	0.0347734	10	CCACTAGAGGGCACTATAG	ACCAGATGGC	+
1-CCASYAGRKGGCRSYVKDG	MA1467.2	-2	0.000149226	0.291886	0.0729069	11	CCACTAGAGGGCACTATAG	GACAGATGGCA	+
1-CCASYAGRKGGCRSYVKDG	MA1109.1	-1	0.000422164	0.825753	0.183338	13	CCACTAGAGGGCACTATAG	GGACAGATGGCAG	+
2-CAAAGKTCAMWG	MA1996.1	0	8.66228e-06	0.0169434	0.0153368	11	CAAAGGTCACTG	CAAAGGTCACA	+
2-CAAAGKTCAMWG	MA1537.1	5	1.30801e-05	0.0255848	0.0153368	10	CAAAGGTCACTG	GAGGTCAAAGGTCAC	+
2-CAAAGKTCAMWG	MA1451.1	-1	1.46284e-05	0.0286132	0.0153368	8	CAAAGGTCACTG	AAAGGTCA	+
2-CAAAGKTCAMWG	MA1494.1	5	1.58382e-05	0.0309795	0.0153368	10	CAAAGGTCACTG	GGGTCCAAAGGTCAC	+
2-CAAAGKTCAMWG	MA0017.2	0	2.10382e-05	0.0411508	0.0162978	12	CAAAGGTCACTG	CAAAGGTCAAGGG	+
2-CAAAGKTCAMWG	MA1111.1	0	3.68148e-05	0.0720098	0.0205501	11	CAAAGGTCACTG	CAAAGGTCAAA	+
2-CAAAGKTCAMWG	MA1550.1	6	3.71383e-05	0.0726426	0.0205501	10	CAAAGGTCACTG	AGGGGTCAAAGGTCAA	+
2-CAAAGKTCAMWG	MA0856.1	5	0.000106798	0.208898	0.0374295	9	CAAAGGTCACTG	GGGGTCAAAGGTCA	+
2-CAAAGKTCAMWG	MA0115.1	-1	0.00011219	0.219444	0.0374295	11	CAAAGGTCACTG	AAAGGTCAAAGGTCAAC	+
2-CAAAGKTCAMWG	MA0512.2	5	0.000115959	0.226817	0.0374295	9	CAAAGGTCACTG	GGGGTCAAAGGTCA	+
2-CAAAGKTCAMWG	MA0677.1	5	0.000115959	0.226817	0.0374295	9	CAAAGGTCACTG	GAGGTCAAAGGTCA	+
2-CAAAGKTCAMWG	MA0855.1	5	0.000115959	0.226817	0.0374295	9	CAAAGGTCACTG	GGGGTCAAAGGTCA	+
2-CAAAGKTCAMWG	MA0065.2	6	0.000175359	0.343002	0.0522484	9	CAAAGGTCACTG	GTAGGGCAAAGGTCA	+
2-CAAAGKTCAMWG	MA0729.1	6	0.000315716	0.61754	0.0807747	12	CAAAGGTCACTG	GAGGTCAAAAGGTCAATG	+
2-CAAAGKTCAMWG	MA1539.1	-2	0.000328469	0.642485	0.0807747	10	CAAAGGTCACTG	AAGGTCACTGACCTT	+
2-CAAAGKTCAMWG	MA1574.1	5	0.000354516	0.693433	0.0807747	10	CAAAGGTCACTG	GGGGTCAAAGGTCAT	+
2-CAAAGKTCAMWG	MA0504.1	6	0.000354516	0.693433	0.0807747	9	CAAAGGTCACTG	AGGGGTCAGAGGTCA	+
2-CAAAGKTCAMWG	MA1535.1	-1	0.000377485	0.738361	0.0812299	9	CAAAGGTCACTG	CGAGGTCAC	+
2-CAAAGKTCAMWG	MA0730.1	8	0.000435989	0.852794	0.0843111	9	CAAAGGTCACTG	AGGTCATGCAAAGGTCA	+
2-CAAAGKTCAMWG	MA0494.1	0	0.000451633	0.883393	0.0843111	12	CAAAGGTCACTG	CAGAGGTTACTTTAGGTCA	-
2-CAAAGKTCAMWG	MA1538.1	-2	0.000478871	0.936672	0.0843111	10	CAAAGGTCACTG	AAGGTCAATGACCTT	-
3-AAGAAAAAAAAAAAAA	MA1281.1	4	3.63858e-08	7.11705e-05	0.000140935	16	AAGAAAAAAAAAAAAA	AAAAAAGTAAAAAAAAAAAAA	+
3-AAGAAAAAAAAAAAAA	MA1274.1	0	1.10064e-07	0.000215285	0.000213159	16	AAGAAAAAAAAAAAAA	AAAAAAAAAAAAAAAAGTAAA	-
3-AAGAAAAAAAAAAAAA	MA1267.1	10	3.16786e-07	0.000619634	0.00040901	16	AAGAAAAAAAAAAAAA	AAAAAAAAAAAAGTAAAAAAAAAAAAAAA	-
3-AAGAAAAAAAAAAAAA	MA1268.1	4	5.91619e-07	0.00115721	0.00057289	16	AAGAAAAAAAAAAAAA	AAAAAAAAAAAAAAGAAAAAGTGAAAA	-
3-AAGAAAAAAAAAAAAA	MA1278.1	3	1.67301e-06	0.00327241	0.00129604	16	AAGAAAAAAAAAAAAA	AAAAAGTAAAAAAAAAAAAAA	-
3-AAGAAAAAAAAAAAAA	MA1871.1	1	1.07673e-05	0.0210609	0.00659672	16	AAGAAAAAAAAAAAAA	AAAAAAAAAACAAAAAAAAA	+
3-AAGAAAAAAAAAAAAA	MA1823.1	-3	1.19217e-05	0.0233188	0.00659672	12	AAGAAAAAAAAAAAAA	AAAAAGAAAAAA	+
3-AAGAAAAAAAAAAAAA	MA1277.1	3	1.57664e-05	0.0308391	0.00763364	16	AAGAAAAAAAAAAAAA	AAAAAGAAAAAGTAAAAAAAA	+
3-AAGAAAAAAAAAAAAA	MA1125.1	0	3.72291e-05	0.0728201	0.0160224	12	AAGAAAAAAAAAAAAA	TTTAAAAAAAAA	+
3-AAGAAAAAAAAAAAAA	MA1371.1	0	7.63416e-05	0.149324	0.026908	16	AAGAAAAAAAAAAAAA	CACAAAACGACAAAAAA	+
3-AAGAAAAAAAAAAAAA	MA1279.1	-2	7.64161e-05	0.14947	0.026908	14	AAGAAAAAAAAAAAAA	AAAAAAAAGAAAAAGTGAAAA	+
3-AAGAAAAAAAAAAAAA	MA1159.1	0	0.000109308	0.213806	0.0352824	15	AAGAAAAAAAAAAAAA	AAAAAAAGACAAAAA	+
3-AAGAAAAAAAAAAAAA	MA1273.1	1	0.000120348	0.2354	0.0358578	16	AAGAAAAAAAAAAAAA	AAAAAAAAAAGGCAAAAAA	+
3-AAGAAAAAAAAAAAAA	MA1867.1	4	0.000139192	0.272259	0.0369541	16	AAGAAAAAAAAAAAAA	TGTTATGTAAACAAAAAAAA	-
3-AAGAAAAAAAAAAAAA	MA1156.1	0	0.000145777	0.285139	0.0369541	16	AAGAAAAAAAAAAAAA	CAGAAAACGACAAAAAAAAA	-
3-AAGAAAAAAAAAAAAA	MA1866.1	0	0.000152649	0.298582	0.0369541	16	AAGAAAAAAAAAAAAA	AAAAAAAAAACAAACAAAAA	+
3-AAGAAAAAAAAAAAAA	MA1863.1	2	0.000183258	0.358452	0.0417544	16	AAGAAAAAAAAAAAAA	ACTAAAAAAACAAAAAAAAA	-
3-AAGAAAAAAAAAAAAA	MA1374.1	0	0.000256885	0.502468	0.0552784	16	AAGAAAAAAAAAAAAA	CACAAAACGACAAAAAAA	+
3-AAGAAAAAAAAAAAAA	MA1158.1	0	0.000299678	0.58617	0.0603577	16	AAGAAAAAAAAAAAAA	CAGAAAACGACAAAAAAAAA	+
3-AAGAAAAAAAAAAAAA	MA1862.1	5	0.000313171	0.612562	0.0603577	15	AAGAAAAAAAAAAAAA	AAATAAATAAACAAAAAAAA	-
3-AAGAAAAAAAAAAAAA	MA1160.1	6	0.000327238	0.640077	0.0603577	14	AAGAAAAAAAAAAAAA	CACAAAACGACAAAAAAAAA	-
3-AAGAAAAAAAAAAAAA	MA1870.1	5	0.000373122	0.729826	0.0625688	15	AAGAAAAAAAAAAAAA	AAAAAAATAAACAAACAAAA	+
3-AAGAAAAAAAAAAAAA	MA1366.1	0	0.000393878	0.770426	0.0625688	16	AAGAAAAAAAAAAAAA	ACGGTAAAAAAATAAA	+
3-AAGAAAAAAAAAAAAA	MA1373.1	0	0.000394924	0.772471	0.0625688	15	AAGAAAAAAAAAAAAA	CACAAAACGACAAAA	+
3-AAGAAAAAAAAAAAAA	MA1157.1	6	0.000407032	0.796155	0.0625688	14	AAGAAAAAAAAAAAAA	CACAAAACGACAAAAAAAAA	-
3-AAGAAAAAAAAAAAAA	MA1869.1	5	0.00044385	0.868171	0.0625688	15	AAGAAAAAAAAAAAAA	AAAAAAATAAACAAAAAAAA	-
3-AAGAAAAAAAAAAAAA	MA1370.1	0	0.000447437	0.875187	0.0625688	16	AAGAAAAAAAAAAAAA	CACAAAACGACAAAAA	-
3-AAGAAAAAAAAAAAAA	MA0277.1	-4	0.0004523	0.8847	0.0625688	9	AAGAAAAAAAAAAAAA	AAAAAGAAA	+
3-AAGAAAAAAAAAAAAA	MA1917.1	0	0.000505036	0.987851	0.0674549	16	AAGAAAAAAAAAAAAA	AAAAAAAAACAATAAAATTT	-
4-AGAGGAAGGAR	MA0080.6	4	0.000244035	0.477333	0.655355	11	AGAGGAAGGAG	AAAAAGAGGAAGTGGAA	+
4-AGAGGAAGGAR	MA1710.1	1	0.000341402	0.667782	0.655355	11	AGAGGAAGGAG	GAGAGGCAAGGG	+
5-GGGAGGGAGGGRAK	MA1965.1	-2	6.49387e-05	0.12702	0.136548	10	GGGAGGGAGGGAAG	GGGGGAGGGG	-
5-GGGAGGGAGGGRAK	MA1630.2	-2	0.000100287	0.19616	0.136548	12	GGGAGGGAGGGAAG	GGGGGAGGGGAG	+
5-GGGAGGGAGGGRAK	MA0149.1	-1	0.000107626	0.210516	0.136548	13	GGGAGGGAGGGAAG	GGAAGGAAGGAAGGAAGG	+
5-GGGAGGGAGGGRAK	MA1522.1	1	0.00019415	0.379757	0.136548	10	GGGAGGGAGGGAAG	GGGGAGGGGCG	-
5-GGGAGGGAGGGRAK	MA1122.1	0	0.000241396	0.472171	0.136548	11	GGGAGGGAGGGAAG	GGGCGGGAAGG	+
5-GGGAGGGAGGGRAK	MA1653.1	-2	0.000242572	0.47447	0.136548	12	GGGAGGGAGGGAAG	GGGGGAGGGGGG	-
5-GGGAGGGAGGGRAK	MA0471.2	2	0.000270004	0.528127	0.136548	11	GGGAGGGAGGGAAG	GGGGGCGGGAAGG	+
5-GGGAGGGAGGGRAK	MA1723.1	3	0.000280786	0.549218	0.136548	14	GGGAGGGAGGGAAG	GGTGGGCAGGGAGGAAGCAGAAGG	+
5-GGGAGGGAGGGRAK	MA1627.1	2	0.000344996	0.674812	0.143153	12	GGGAGGGAGGGAAG	GTGTGGGGGAGGGG	-
5-GGGAGGGAGGGRAK	MA1961.1	-1	0.000367961	0.719732	0.143153	12	GGGAGGGAGGGAAG	GGGGGGCGGGGG	+
7-WAATAAATA	MA1864.1	4	1.46321e-05	0.0286204	0.0549254	9	AAATAAATA	ATATAAATAAATAAACAAAA	+
7-WAATAAATA	MA0757.1	3	0.000231333	0.452487	0.231195	9	AAATAAATA	AAAAAATCAATAAT	+
7-WAATAAATA	MA1184.1	0	0.000231333	0.452487	0.231195	9	AAATAAATA	AAAAAAATATCTTA	+
7-WAATAAATA	MA0679.2	3	0.00024636	0.481881	0.231195	9	AAATAAATA	AAAAAATCAATAAATA	+
7-WAATAAATA	MA1191.1	1	0.000430116	0.841307	0.285749	9	AAATAAATA	TAAAAAAATATCTTA	+
7-WAATAAATA	MA1182.1	0	0.000456741	0.893385	0.285749	9	AAATAAATA	AAAAAAATATCT	-

# Tomtom (Motif Comparison Tool): Version 5.4.1 compiled on Jan 24 2022 at 13:05:33
# The format of this file is described at https://meme-suite.org/meme/doc/tomtom-output-format.html.
# tomtom -verbosity 1 -oc liver_species/streme_tomtom_out -min-overlap 5 -dist pearson -evalue -thresh 1 -no-ssc liver_species/streme_out/streme.xml /ocean/projects/bio230007p/jqu1/motif_database/JASPAR2022_CORE_non-redundant_pfms_meme.txt
