motif_ID	motif_ALT_ID	motif_P-value	seq_ID	seq_Score	seq_Class	is_holdout?
1-CCCCGCCCC	STREME-1	1.3e-002	chr9:121599125-121599777	14.63	tp	0
1-CCCCGCCCC	STREME-1	1.3e-002	chr19:7926047-7926358	14.63	tp	0
1-CCCCGCCCC	STREME-1	1.3e-002	chr22:35540184-35540722	14.63	tp	0
1-CCCCGCCCC	STREME-1	1.3e-002	chr6:43774824-43775048	14.63	tp	0
1-CCCCGCCCC	STREME-1	1.3e-002	chr16:11667900-11668643	14.63	tp	0
1-CCCCGCCCC	STREME-1	1.3e-002	chr7:152675740-152676682	14.63	tp	0
1-CCCCGCCCC	STREME-1	1.3e-002	chr10:102114835-102115327	14.63	tp	0
1-CCCCGCCCC	STREME-1	1.3e-002	chr3:127821523-127821736	14.63	tp	0
1-CCCCGCCCC	STREME-1	1.3e-002	chr1:227947756-227948151	14.63	tp	0
1-CCCCGCCCC	STREME-1	1.3e-002	chr2:207769458-207770417	14.63	tp	0
1-CCCCGCCCC	STREME-1	1.3e-002	chr2:172103886-172104149	14.63	tp	0
1-CCCCGCCCC	STREME-1	1.3e-002	chr16:58024606-58025265	14.63	tp	0
1-CCCCGCCCC	STREME-1	1.3e-002	chr6:125749057-125749936	14.63	tp	0
1-CCCCGCCCC	STREME-1	1.3e-002	chr16:89171194-89171861	14.63	tp	0
1-CCCCGCCCC	STREME-1	1.3e-002	chr1:21937151-21937885	14.63	tp	0
1-CCCCGCCCC	STREME-1	1.3e-002	chr17:82230718-82231595	14.63	tp	0
1-CCCCGCCCC	STREME-1	1.3e-002	chr8:143973423-143973723	14.63	tp	0
1-CCCCGCCCC	STREME-1	1.3e-002	chr6:10403956-10404997	14.63	tp	0
1-CCCCGCCCC	STREME-1	1.3e-002	chr9:34376739-34377330	14.63	tp	0
1-CCCCGCCCC	STREME-1	1.3e-002	chr19:46634080-46634567	14.63	tp	0
1-CCCCGCCCC	STREME-1	1.3e-002	chr6:7725834-7726356	14.63	tp	0
1-CCCCGCCCC	STREME-1	1.3e-002	chr13:23375016-23376022	14.63	tp	0
1-CCCCGCCCC	STREME-1	1.3e-002	chr8:22561787-22562126	14.63	tp	0
1-CCCCGCCCC	STREME-1	1.3e-002	chr10:97686855-97687746	14.63	tp	0
1-CCCCGCCCC	STREME-1	1.3e-002	chr11:65314457-65315131	14.63	tp	0
1-CCCCGCCCC	STREME-1	1.3e-002	chr6:19836821-19837532	14.63	tp	0
1-CCCCGCCCC	STREME-1	1.3e-002	chrX:78104732-78105169	14.63	tp	0
1-CCCCGCCCC	STREME-1	1.3e-002	chr21:45405406-45405775	14.63	tp	0
1-CCCCGCCCC	STREME-1	1.3e-002	chr4:125314681-125315462	14.63	tp	0
1-CCCCGCCCC	STREME-1	1.3e-002	chr20:44960042-44960783	14.63	tp	0
1-CCCCGCCCC	STREME-1	1.3e-002	chr6:37169242-37170479	14.63	tp	0
1-CCCCGCCCC	STREME-1	1.3e-002	chr21:45404587-45405262	14.63	fp	0
1-CCCCGCCCC	STREME-1	1.3e-002	chr19:45730364-45731268	14.63	fp	0
1-CCCCGCCCC	STREME-1	1.3e-002	chr19:7926047-7926358	14.63	fp	0
1-CCCCGCCCC	STREME-1	1.3e-002	chr16:11667900-11668643	14.63	fp	0
1-CCCCGCCCC	STREME-1	1.3e-002	chr11:65314457-65315131	14.63	fp	0
1-CCCCGCCCC	STREME-1	1.3e-002	chr19:35879756-35880156	14.63	tp	1
1-CCCCGCCCC	STREME-1	1.3e-002	chr11:2377939-2378138	14.63	tp	1
1-CCCCGCCCC	STREME-1	1.3e-002	chr1:17439567-17440094	14.63	tp	1
1-CCCCGCCCC	STREME-1	1.3e-002	chr12:52006638-52007149	14.63	tp	1
1-CCCCGCCCC	STREME-1	1.3e-002	chr1:39639471-39640121	13.12	tp	0
1-CCCCGCCCC	STREME-1	1.3e-002	chr14:88554510-88555180	13.12	tp	0
1-CCCCGCCCC	STREME-1	1.3e-002	chr8:27327115-27327387	13.12	tp	0
1-CCCCGCCCC	STREME-1	1.3e-002	chr10:91632775-91633685	13.12	tp	0
1-CCCCGCCCC	STREME-1	1.3e-002	chr20:50189964-50190231	13.12	fp	0
1-CCCCGCCCC	STREME-1	1.3e-002	chr19:45730364-45731268	12.40	tp	0
1-CCCCGCCCC	STREME-1	1.3e-002	chr1:209704473-209705265	12.40	tp	0
1-CCCCGCCCC	STREME-1	1.3e-002	chr7:19708697-19709486	11.90	tp	0
1-CCCCGCCCC	STREME-1	1.3e-002	chr14:92793707-92794616	11.90	tp	1
1-CCCCGCCCC	STREME-1	1.3e-002	chr6:106086022-106086557	11.90	tp	1
#
2-CCCTTCCCTSY	STREME-2	2.8e-002	chr12:57452957-57453181	15.42	tp	0
2-CCCTTCCCTSY	STREME-2	2.8e-002	chr3:42855170-42856420	13.48	tp	0
2-CCCTTCCCTSY	STREME-2	2.8e-002	chr2:219459445-219459909	13.18	tp	0
2-CCCTTCCCTSY	STREME-2	2.8e-002	chr1:26945702-26946032	13.11	tp	0
2-CCCTTCCCTSY	STREME-2	2.8e-002	chr1:66929867-66930903	12.64	tp	0
2-CCCTTCCCTSY	STREME-2	2.8e-002	chr10:97686855-97687746	12.64	tp	0
2-CCCTTCCCTSY	STREME-2	2.8e-002	chr8:70404113-70404545	12.37	tp	0
2-CCCTTCCCTSY	STREME-2	2.8e-002	chr19:46634080-46634567	12.00	tp	0
2-CCCTTCCCTSY	STREME-2	2.8e-002	chr9:112113000-112113404	11.71	tp	0
2-CCCTTCCCTSY	STREME-2	2.8e-002	chr22:30305513-30305915	11.62	tp	1
2-CCCTTCCCTSY	STREME-2	2.8e-002	chr5:141560718-141561145	11.54	tp	0
2-CCCTTCCCTSY	STREME-2	2.8e-002	chr3:48548764-48549107	11.51	tp	0
2-CCCTTCCCTSY	STREME-2	2.8e-002	chr20:35303810-35304233	11.39	fp	0
2-CCCTTCCCTSY	STREME-2	2.8e-002	chr20:31846558-31846836	11.17	tp	0
2-CCCTTCCCTSY	STREME-2	2.8e-002	chr6:106086022-106086557	11.17	tp	1
2-CCCTTCCCTSY	STREME-2	2.8e-002	chr3:42855170-42856420	11.14	fp	0
2-CCCTTCCCTSY	STREME-2	2.8e-002	chr1:39639471-39640121	11.14	fp	0
2-CCCTTCCCTSY	STREME-2	2.8e-002	chr16:85610532-85610961	11.11	tp	0
2-CCCTTCCCTSY	STREME-2	2.8e-002	chr8:107495875-107496326	11.01	tp	1
2-CCCTTCCCTSY	STREME-2	2.8e-002	chr19:35279902-35280419	10.98	tp	0
2-CCCTTCCCTSY	STREME-2	2.8e-002	chr7:150450443-150451039	10.87	fp	0
2-CCCTTCCCTSY	STREME-2	2.8e-002	chr17:44774871-44775119	10.87	tp	0
2-CCCTTCCCTSY	STREME-2	2.8e-002	chr9:114155280-114155651	10.87	tp	0
2-CCCTTCCCTSY	STREME-2	2.8e-002	chr8:143878367-143878845	10.83	tp	0
2-CCCTTCCCTSY	STREME-2	2.8e-002	chr17:40345436-40345960	10.78	tp	0
2-CCCTTCCCTSY	STREME-2	2.8e-002	chr15:43824260-43825092	10.75	fp	0
2-CCCTTCCCTSY	STREME-2	2.8e-002	chr11:119361154-119361669	10.70	fp	0
2-CCCTTCCCTSY	STREME-2	2.8e-002	chr1:2208221-2208598	10.66	tp	0
2-CCCTTCCCTSY	STREME-2	2.8e-002	chr3:123089502-123089970	10.61	tp	0
2-CCCTTCCCTSY	STREME-2	2.8e-002	chr12:32535281-32535639	10.59	tp	0
2-CCCTTCCCTSY	STREME-2	2.8e-002	chr22:37681630-37681970	10.46	tp	0
2-CCCTTCCCTSY	STREME-2	2.8e-002	chr17:45149214-45149509	10.35	fp	0
2-CCCTTCCCTSY	STREME-2	2.8e-002	chr22:28882928-28884110	10.33	tp	0
2-CCCTTCCCTSY	STREME-2	2.8e-002	chr1:160193112-160193705	10.31	tp	0
2-CCCTTCCCTSY	STREME-2	2.8e-002	chr15:89806219-89807087	10.30	tp	0
2-CCCTTCCCTSY	STREME-2	2.8e-002	chr11:119729936-119730231	10.29	tp	0
2-CCCTTCCCTSY	STREME-2	2.8e-002	chr1:17439567-17440094	10.29	tp	1
2-CCCTTCCCTSY	STREME-2	2.8e-002	chr14:24412188-24412427	10.25	tp	0
2-CCCTTCCCTSY	STREME-2	2.8e-002	chr6:3139033-3139883	10.19	tp	0
2-CCCTTCCCTSY	STREME-2	2.8e-002	chr10:71773407-71773883	10.18	tp	0
2-CCCTTCCCTSY	STREME-2	2.8e-002	chr11:119361154-119361669	10.08	tp	0
2-CCCTTCCCTSY	STREME-2	2.8e-002	chr20:63573931-63574754	10.08	tp	1
2-CCCTTCCCTSY	STREME-2	2.8e-002	chrX:68693350-68693951	10.06	tp	0
2-CCCTTCCCTSY	STREME-2	2.8e-002	chr1:155078652-155079150	10.06	tp	0
2-CCCTTCCCTSY	STREME-2	2.8e-002	chr14:64764622-64765096	10.03	tp	0
2-CCCTTCCCTSY	STREME-2	2.8e-002	chr8:20303326-20304223	9.94	tp	0
2-CCCTTCCCTSY	STREME-2	2.8e-002	chr20:63968825-63969275	9.90	tp	0
2-CCCTTCCCTSY	STREME-2	2.8e-002	chr7:149771480-149772442	9.86	tp	0
2-CCCTTCCCTSY	STREME-2	2.8e-002	chr12:124387598-124387903	9.84	tp	0
2-CCCTTCCCTSY	STREME-2	2.8e-002	chr8:76682386-76682635	9.84	fp	0
2-CCCTTCCCTSY	STREME-2	2.8e-002	chr11:61776444-61776945	9.81	tp	0
2-CCCTTCCCTSY	STREME-2	2.8e-002	chr20:35303810-35304233	9.76	tp	0
2-CCCTTCCCTSY	STREME-2	2.8e-002	chr2:233387628-233388227	9.75	tp	0
2-CCCTTCCCTSY	STREME-2	2.8e-002	chrX:74422639-74422941	9.73	tp	0
2-CCCTTCCCTSY	STREME-2	2.8e-002	chr1:160400182-160400600	9.71	fp	0
2-CCCTTCCCTSY	STREME-2	2.8e-002	chrX:16711276-16711613	9.70	tp	0
2-CCCTTCCCTSY	STREME-2	2.8e-002	chr21:45404587-45405262	9.70	tp	0
2-CCCTTCCCTSY	STREME-2	2.8e-002	chr8:22927489-22928352	9.66	tp	0
2-CCCTTCCCTSY	STREME-2	2.8e-002	chr1:154179140-154179421	9.66	tp	0
2-CCCTTCCCTSY	STREME-2	2.8e-002	chr3:112043569-112043960	9.64	tp	0
2-CCCTTCCCTSY	STREME-2	2.8e-002	chr11:61776444-61776945	9.61	fp	0
2-CCCTTCCCTSY	STREME-2	2.8e-002	chr15:88476638-88477095	9.59	tp	0
2-CCCTTCCCTSY	STREME-2	2.8e-002	chr3:52471295-52471902	9.48	tp	0
2-CCCTTCCCTSY	STREME-2	2.8e-002	chr2:144403880-144404378	9.42	tp	0
2-CCCTTCCCTSY	STREME-2	2.8e-002	chr10:102241526-102241831	9.32	tp	0
2-CCCTTCCCTSY	STREME-2	2.8e-002	chr21:45405406-45405775	9.29	tp	0
2-CCCTTCCCTSY	STREME-2	2.8e-002	chr7:151123606-151124264	9.26	tp	0
2-CCCTTCCCTSY	STREME-2	2.8e-002	chr12:102956222-102956823	9.25	tp	0
2-CCCTTCCCTSY	STREME-2	2.8e-002	chr15:67065021-67066155	9.25	tp	0
2-CCCTTCCCTSY	STREME-2	2.8e-002	chr10:102114835-102115327	9.23	tp	0
#
3-CAGGKGGCRS	STREME-3	4.6e-002	chr12:50088673-50088888	14.23	tp	0
3-CAGGKGGCRS	STREME-3	4.6e-002	chr15:76190752-76191139	14.22	tp	0
3-CAGGKGGCRS	STREME-3	4.6e-002	chr20:64057802-64058056	14.16	tp	0
3-CAGGKGGCRS	STREME-3	4.6e-002	chr4:76179818-76180379	14.16	tp	0
3-CAGGKGGCRS	STREME-3	4.6e-002	chr19:8002371-8002675	14.16	tp	0
3-CAGGKGGCRS	STREME-3	4.6e-002	chr7:8217518-8217758	14.16	tp	0
3-CAGGKGGCRS	STREME-3	4.6e-002	chr14:90399571-90399878	13.49	tp	0
3-CAGGKGGCRS	STREME-3	4.6e-002	chr10:101781102-101781381	13.30	tp	0
3-CAGGKGGCRS	STREME-3	4.6e-002	chr12:54379612-54379961	13.28	tp	0
3-CAGGKGGCRS	STREME-3	4.6e-002	chr12:4276927-4277240	13.23	tp	0
3-CAGGKGGCRS	STREME-3	4.6e-002	chr2:236569506-236569976	13.23	tp	0
3-CAGGKGGCRS	STREME-3	4.6e-002	chr1:94514125-94514387	13.23	tp	0
3-CAGGKGGCRS	STREME-3	4.6e-002	chr13:100514888-100515144	13.23	tp	0
3-CAGGKGGCRS	STREME-3	4.6e-002	chr11:124669191-124669438	13.23	tp	0
3-CAGGKGGCRS	STREME-3	4.6e-002	chr14:102438034-102438365	13.23	tp	0
3-CAGGKGGCRS	STREME-3	4.6e-002	chr5:132419695-132419950	13.23	tp	0
3-CAGGKGGCRS	STREME-3	4.6e-002	chr2:144403880-144404378	13.23	tp	0
3-CAGGKGGCRS	STREME-3	4.6e-002	chr3:50253568-50253987	13.23	tp	0
3-CAGGKGGCRS	STREME-3	4.6e-002	chr11:118956415-118957012	13.23	tp	1
3-CAGGKGGCRS	STREME-3	4.6e-002	chr1:107750396-107750720	12.67	tp	0
3-CAGGKGGCRS	STREME-3	4.6e-002	chr15:64153382-64154080	12.67	tp	0
3-CAGGKGGCRS	STREME-3	4.6e-002	chr8:22574216-22574739	12.67	tp	0
3-CAGGKGGCRS	STREME-3	4.6e-002	chr2:172103886-172104149	12.56	tp	0
3-CAGGKGGCRS	STREME-3	4.6e-002	chr16:66608587-66608892	12.56	tp	0
3-CAGGKGGCRS	STREME-3	4.6e-002	chr2:11669535-11670366	12.56	fp	0
3-CAGGKGGCRS	STREME-3	4.6e-002	chr15:78016878-78017199	12.36	tp	0
3-CAGGKGGCRS	STREME-3	4.6e-002	chr15:40274712-40275005	12.35	tp	0
3-CAGGKGGCRS	STREME-3	4.6e-002	chr7:26369606-26369875	12.29	tp	0
3-CAGGKGGCRS	STREME-3	4.6e-002	chr6:19836821-19837532	12.07	tp	0
3-CAGGKGGCRS	STREME-3	4.6e-002	chr19:18251852-18252271	12.06	tp	0
3-CAGGKGGCRS	STREME-3	4.6e-002	chr13:106535311-106536209	12.06	fp	0
3-CAGGKGGCRS	STREME-3	4.6e-002	chr10:101018928-101019265	12.00	tp	0
3-CAGGKGGCRS	STREME-3	4.6e-002	chr20:50929392-50929700	12.00	tp	0
3-CAGGKGGCRS	STREME-3	4.6e-002	chr7:39951560-39951814	12.00	tp	0
3-CAGGKGGCRS	STREME-3	4.6e-002	chr1:25810771-25811154	11.81	tp	0
3-CAGGKGGCRS	STREME-3	4.6e-002	chr12:751162-751660	11.81	tp	0
3-CAGGKGGCRS	STREME-3	4.6e-002	chr19:7926047-7926358	11.79	tp	0
3-CAGGKGGCRS	STREME-3	4.6e-002	chr1:202341631-202342272	11.79	tp	0
3-CAGGKGGCRS	STREME-3	4.6e-002	chr3:48548764-48549107	11.74	tp	0
3-CAGGKGGCRS	STREME-3	4.6e-002	chr9:114155280-114155651	11.74	tp	0
3-CAGGKGGCRS	STREME-3	4.6e-002	chr6:145633919-145634500	11.74	tp	0
3-CAGGKGGCRS	STREME-3	4.6e-002	chr8:133569714-133569900	11.74	tp	0
3-CAGGKGGCRS	STREME-3	4.6e-002	chr8:20303326-20304223	11.74	tp	0
3-CAGGKGGCRS	STREME-3	4.6e-002	chr11:61776444-61776945	11.74	tp	0
3-CAGGKGGCRS	STREME-3	4.6e-002	chr7:129210455-129210826	11.74	tp	0
3-CAGGKGGCRS	STREME-3	4.6e-002	chr14:69574773-69574981	11.74	tp	0
3-CAGGKGGCRS	STREME-3	4.6e-002	chr12:54378932-54379383	11.74	fp	0
3-CAGGKGGCRS	STREME-3	4.6e-002	chr10:102114835-102115327	11.74	fp	0
3-CAGGKGGCRS	STREME-3	4.6e-002	chr12:124387598-124387903	11.74	fp	0
3-CAGGKGGCRS	STREME-3	4.6e-002	chr5:150600141-150600431	11.74	fp	0
3-CAGGKGGCRS	STREME-3	4.6e-002	chr20:56248033-56248269	11.74	fp	0
3-CAGGKGGCRS	STREME-3	4.6e-002	chr14:54774021-54774318	11.74	tp	1
3-CAGGKGGCRS	STREME-3	4.6e-002	chr11:44094313-44094583	11.62	tp	0
3-CAGGKGGCRS	STREME-3	4.6e-002	chr3:132352512-132352933	11.62	tp	0
3-CAGGKGGCRS	STREME-3	4.6e-002	chr17:45149214-45149509	11.43	tp	0
3-CAGGKGGCRS	STREME-3	4.6e-002	chr19:48970976-48971221	11.17	tp	0
3-CAGGKGGCRS	STREME-3	4.6e-002	chr5:141560718-141561145	11.12	tp	0
3-CAGGKGGCRS	STREME-3	4.6e-002	chr7:38796965-38797223	11.12	tp	0
3-CAGGKGGCRS	STREME-3	4.6e-002	chr5:132385422-132385787	11.11	tp	0
3-CAGGKGGCRS	STREME-3	4.6e-002	chr17:58249525-58250081	11.11	tp	0
3-CAGGKGGCRS	STREME-3	4.6e-002	chr1:19096288-19096553	11.11	tp	1
3-CAGGKGGCRS	STREME-3	4.6e-002	chr10:96719845-96720147	11.07	tp	0
3-CAGGKGGCRS	STREME-3	4.6e-002	chr7:149005736-149006206	11.07	tp	0
3-CAGGKGGCRS	STREME-3	4.6e-002	chr20:31559959-31560481	11.07	tp	0
3-CAGGKGGCRS	STREME-3	4.6e-002	chr1:43529204-43529488	11.07	tp	0
3-CAGGKGGCRS	STREME-3	4.6e-002	chr1:17439567-17440094	11.07	fp	0
3-CAGGKGGCRS	STREME-3	4.6e-002	chr10:76036402-76036782	11.05	tp	0
3-CAGGKGGCRS	STREME-3	4.6e-002	chr9:15873652-15873932	11.05	tp	0
3-CAGGKGGCRS	STREME-3	4.6e-002	chr20:50929392-50929700	10.58	fp	0
3-CAGGKGGCRS	STREME-3	4.6e-002	chr6:11537207-11538237	10.57	tp	0
3-CAGGKGGCRS	STREME-3	4.6e-002	chr9:120714093-120715223	10.57	tp	0
3-CAGGKGGCRS	STREME-3	4.6e-002	chr2:207769458-207770417	10.57	tp	0
3-CAGGKGGCRS	STREME-3	4.6e-002	chr19:46634080-46634567	10.57	tp	0
3-CAGGKGGCRS	STREME-3	4.6e-002	chr15:67065021-67066155	10.57	tp	0
3-CAGGKGGCRS	STREME-3	4.6e-002	chr17:38967095-38967917	10.57	tp	0
3-CAGGKGGCRS	STREME-3	4.6e-002	chr17:74748286-74748783	10.57	fp	1
3-CAGGKGGCRS	STREME-3	4.6e-002	chr19:4559532-4559997	10.51	tp	0
3-CAGGKGGCRS	STREME-3	4.6e-002	chr1:61076762-61077472	10.51	tp	0
3-CAGGKGGCRS	STREME-3	4.6e-002	chr3:52471295-52471902	10.51	fp	0
3-CAGGKGGCRS	STREME-3	4.6e-002	chr17:40345436-40345960	10.51	fp	0
3-CAGGKGGCRS	STREME-3	4.6e-002	chr22:36301364-36301690	10.50	tp	0
3-CAGGKGGCRS	STREME-3	4.6e-002	chr20:52971893-52972752	10.48	tp	0
3-CAGGKGGCRS	STREME-3	4.6e-002	chr20:35303810-35304233	10.44	tp	0
3-CAGGKGGCRS	STREME-3	4.6e-002	chr20:31846558-31846836	10.44	tp	0
3-CAGGKGGCRS	STREME-3	4.6e-002	chr12:111813030-111813598	10.38	tp	0
3-CAGGKGGCRS	STREME-3	4.6e-002	chr16:67185441-67185692	10.38	tp	0
3-CAGGKGGCRS	STREME-3	4.6e-002	chr17:58249525-58250081	10.33	fp	0
3-CAGGKGGCRS	STREME-3	4.6e-002	chr2:219294616-219295360	10.25	tp	0
3-CAGGKGGCRS	STREME-3	4.6e-002	chr22:23281543-23282405	10.25	tp	0
3-CAGGKGGCRS	STREME-3	4.6e-002	chr20:56248033-56248269	10.25	tp	1
3-CAGGKGGCRS	STREME-3	4.6e-002	chr10:102241526-102241831	10.23	tp	0
3-CAGGKGGCRS	STREME-3	4.6e-002	chr9:37650574-37651467	10.20	fp	0
3-CAGGKGGCRS	STREME-3	4.6e-002	chr17:49227510-49227721	10.18	tp	0
3-CAGGKGGCRS	STREME-3	4.6e-002	chr6:35728933-35729255	10.18	fp	0
3-CAGGKGGCRS	STREME-3	4.6e-002	chr8:76682386-76682635	10.16	tp	0
3-CAGGKGGCRS	STREME-3	4.6e-002	chr12:54379612-54379961	10.15	fp	0
3-CAGGKGGCRS	STREME-3	4.6e-002	chr1:6245051-6245524	10.09	tp	0
3-CAGGKGGCRS	STREME-3	4.6e-002	chr8:70404113-70404545	10.09	tp	0
3-CAGGKGGCRS	STREME-3	4.6e-002	chr4:125315618-125315856	9.99	tp	0
3-CAGGKGGCRS	STREME-3	4.6e-002	chr6:20403257-20403802	9.99	tp	0
3-CAGGKGGCRS	STREME-3	4.6e-002	chr12:49538735-49539211	9.99	tp	0
3-CAGGKGGCRS	STREME-3	4.6e-002	chr22:41366910-41367821	9.98	tp	0
3-CAGGKGGCRS	STREME-3	4.6e-002	chr8:22927489-22928352	9.98	fp	0
3-CAGGKGGCRS	STREME-3	4.6e-002	chr20:50189964-50190231	9.94	tp	0
3-CAGGKGGCRS	STREME-3	4.6e-002	chr19:48513556-48514133	9.84	tp	0
3-CAGGKGGCRS	STREME-3	4.6e-002	chr8:22561787-22562126	9.84	tp	0
3-CAGGKGGCRS	STREME-3	4.6e-002	chr7:76201704-76202133	9.66	tp	0
3-CAGGKGGCRS	STREME-3	4.6e-002	chr11:71251792-71252249	9.63	fp	0
3-CAGGKGGCRS	STREME-3	4.6e-002	chr14:64764622-64765096	9.61	fp	0
3-CAGGKGGCRS	STREME-3	4.6e-002	chr9:34612849-34613124	9.56	tp	0
3-CAGGKGGCRS	STREME-3	4.6e-002	chr1:156725816-156726143	9.51	tp	0
3-CAGGKGGCRS	STREME-3	4.6e-002	chr5:172932278-172932876	9.51	tp	0
3-CAGGKGGCRS	STREME-3	4.6e-002	chr10:44386591-44386851	9.51	tp	0
3-CAGGKGGCRS	STREME-3	4.6e-002	chr7:128842056-128842303	9.51	tp	0
3-CAGGKGGCRS	STREME-3	4.6e-002	chr5:176548896-176549427	9.51	fp	0
3-CAGGKGGCRS	STREME-3	4.6e-002	chr11:64844342-64844587	9.42	tp	0
3-CAGGKGGCRS	STREME-3	4.6e-002	chr8:80873240-80873589	9.27	tp	0
3-CAGGKGGCRS	STREME-3	4.6e-002	chr6:18122198-18123062	9.27	tp	0
3-CAGGKGGCRS	STREME-3	4.6e-002	chr19:15280914-15281419	9.27	tp	0
3-CAGGKGGCRS	STREME-3	4.6e-002	chr7:16801138-16801407	9.25	tp	0
3-CAGGKGGCRS	STREME-3	4.6e-002	chr1:204142364-204142742	9.24	tp	0
3-CAGGKGGCRS	STREME-3	4.6e-002	chr7:6272431-6273171	9.24	fp	0
3-CAGGKGGCRS	STREME-3	4.6e-002	chr2:219060854-219061137	9.17	tp	0
3-CAGGKGGCRS	STREME-3	4.6e-002	chr6:108656901-108657185	9.17	tp	0
3-CAGGKGGCRS	STREME-3	4.6e-002	chr12:89470816-89471072	9.17	tp	1
3-CAGGKGGCRS	STREME-3	4.6e-002	chr20:38304680-38305465	9.11	tp	0
3-CAGGKGGCRS	STREME-3	4.6e-002	chr2:219029421-219030092	9.07	tp	0
3-CAGGKGGCRS	STREME-3	4.6e-002	chr14:99604011-99604724	9.02	tp	0
3-CAGGKGGCRS	STREME-3	4.6e-002	chr20:34312646-34313026	9.02	tp	0
3-CAGGKGGCRS	STREME-3	4.6e-002	chr1:177948382-177948680	9.01	tp	0
3-CAGGKGGCRS	STREME-3	4.6e-002	chr10:44932740-44933291	9.01	tp	0
3-CAGGKGGCRS	STREME-3	4.6e-002	chr1:6486523-6486945	9.00	fp	0
3-CAGGKGGCRS	STREME-3	4.6e-002	chr6:111258823-111259842	8.98	tp	0
3-CAGGKGGCRS	STREME-3	4.6e-002	chr17:7436686-7437366	8.97	tp	0
3-CAGGKGGCRS	STREME-3	4.6e-002	chr19:47227039-47227356	8.95	tp	0
3-CAGGKGGCRS	STREME-3	4.6e-002	chr9:121121394-121122119	8.95	fp	0
3-CAGGKGGCRS	STREME-3	4.6e-002	chr12:102956222-102956823	8.91	tp	0
3-CAGGKGGCRS	STREME-3	4.6e-002	chr4:125314681-125315462	8.89	fp	0
3-CAGGKGGCRS	STREME-3	4.6e-002	chr1:101238738-101239086	8.88	tp	0
3-CAGGKGGCRS	STREME-3	4.6e-002	chr19:42280346-42280662	8.87	tp	1
3-CAGGKGGCRS	STREME-3	4.6e-002	chr7:76201704-76202133	8.78	fp	0
3-CAGGKGGCRS	STREME-3	4.6e-002	chr4:184811923-184812204	8.77	tp	1
3-CAGGKGGCRS	STREME-3	4.6e-002	chr14:21092362-21092985	8.75	tp	0
3-CAGGKGGCRS	STREME-3	4.6e-002	chr15:67126805-67127517	8.75	tp	1
3-CAGGKGGCRS	STREME-3	4.6e-002	chr16:96944-97289	8.74	tp	0
3-CAGGKGGCRS	STREME-3	4.6e-002	chr5:179060010-179060894	8.74	fp	1
3-CAGGKGGCRS	STREME-3	4.6e-002	chr3:138068469-138069013	8.68	tp	0
3-CAGGKGGCRS	STREME-3	4.6e-002	chr1:43545724-43546529	8.68	fp	0
3-CAGGKGGCRS	STREME-3	4.6e-002	chr17:1783778-1784324	8.67	tp	0
3-CAGGKGGCRS	STREME-3	4.6e-002	chr17:43398699-43399255	8.63	fp	0
3-CAGGKGGCRS	STREME-3	4.6e-002	chr17:40180774-40181039	8.61	tp	0
3-CAGGKGGCRS	STREME-3	4.6e-002	chr12:57452957-57453181	8.60	tp	0
3-CAGGKGGCRS	STREME-3	4.6e-002	chr1:8702978-8703793	8.60	tp	0
3-CAGGKGGCRS	STREME-3	4.6e-002	chr11:71251792-71252249	8.53	tp	0
3-CAGGKGGCRS	STREME-3	4.6e-002	chr14:60656676-60657704	8.53	tp	0
3-CAGGKGGCRS	STREME-3	4.6e-002	chr2:66433310-66433775	8.50	tp	0
3-CAGGKGGCRS	STREME-3	4.6e-002	chr21:45405406-45405775	8.50	tp	0
3-CAGGKGGCRS	STREME-3	4.6e-002	chrX:153953380-153953863	8.49	tp	0
3-CAGGKGGCRS	STREME-3	4.6e-002	chr5:177390418-177390927	8.32	tp	0
3-CAGGKGGCRS	STREME-3	4.6e-002	chr14:88270647-88271102	8.28	tp	0
#
4-GGTGACGTCA	STREME-4	7.5e-001	chr20:31604195-31604518	17.65	tp	0
4-GGTGACGTCA	STREME-4	7.5e-001	chr1:27392242-27392886	17.65	tp	0
4-GGTGACGTCA	STREME-4	7.5e-001	chr5:150600141-150600431	17.65	tp	0
4-GGTGACGTCA	STREME-4	7.5e-001	chrX:103356130-103356780	15.22	tp	0
4-GGTGACGTCA	STREME-4	7.5e-001	chr9:110125216-110125663	14.84	tp	0
4-GGTGACGTCA	STREME-4	7.5e-001	chr17:43398699-43399255	14.75	tp	0
4-GGTGACGTCA	STREME-4	7.5e-001	chr13:49109945-49110482	14.38	tp	0
4-GGTGACGTCA	STREME-4	7.5e-001	chr17:15651499-15652055	14.05	tp	0
4-GGTGACGTCA	STREME-4	7.5e-001	chr20:41028251-41029352	13.92	tp	0
4-GGTGACGTCA	STREME-4	7.5e-001	chr3:133041109-133041555	13.63	tp	0
4-GGTGACGTCA	STREME-4	7.5e-001	chr22:28882928-28884110	13.50	tp	0
4-GGTGACGTCA	STREME-4	7.5e-001	chr17:82230718-82231595	13.48	tp	0
4-GGTGACGTCA	STREME-4	7.5e-001	chr15:43824260-43825092	12.62	tp	0
4-GGTGACGTCA	STREME-4	7.5e-001	chr6:20403257-20403802	12.47	fp	0
4-GGTGACGTCA	STREME-4	7.5e-001	chr19:55118464-55118745	12.41	tp	0
4-GGTGACGTCA	STREME-4	7.5e-001	chrX:16123256-16123714	12.23	tp	0
4-GGTGACGTCA	STREME-4	7.5e-001	chr15:52651797-52652412	12.09	fp	1
4-GGTGACGTCA	STREME-4	7.5e-001	chr9:15873652-15873932	12.05	tp	0
4-GGTGACGTCA	STREME-4	7.5e-001	chr5:150625146-150625480	12.02	tp	0
4-GGTGACGTCA	STREME-4	7.5e-001	chr17:60601226-60601441	11.98	fp	0
4-GGTGACGTCA	STREME-4	7.5e-001	chr19:45730364-45731268	11.98	tp	0
4-GGTGACGTCA	STREME-4	7.5e-001	chr4:184811551-184811800	11.97	tp	0
4-GGTGACGTCA	STREME-4	7.5e-001	chr1:209704473-209705265	11.93	tp	0
4-GGTGACGTCA	STREME-4	7.5e-001	chr6:20403257-20403802	11.86	tp	0
4-GGTGACGTCA	STREME-4	7.5e-001	chr20:64057802-64058056	11.84	tp	0
4-GGTGACGTCA	STREME-4	7.5e-001	chr12:98698665-98699194	11.77	tp	0
4-GGTGACGTCA	STREME-4	7.5e-001	chr1:93614047-93614369	11.74	tp	0
4-GGTGACGTCA	STREME-4	7.5e-001	chr7:77331905-77332270	11.53	tp	0
4-GGTGACGTCA	STREME-4	7.5e-001	chr6:145633919-145634500	11.53	fp	0
4-GGTGACGTCA	STREME-4	7.5e-001	chr14:92793707-92794616	11.46	tp	1
4-GGTGACGTCA	STREME-4	7.5e-001	chr16:85610532-85610961	11.42	tp	0
4-GGTGACGTCA	STREME-4	7.5e-001	chr4:133148870-133149409	11.39	tp	0
4-GGTGACGTCA	STREME-4	7.5e-001	chr2:36646221-36646563	11.36	tp	0
4-GGTGACGTCA	STREME-4	7.5e-001	chr13:48412918-48413401	11.36	tp	0
4-GGTGACGTCA	STREME-4	7.5e-001	chr7:16801138-16801407	11.36	fp	0
4-GGTGACGTCA	STREME-4	7.5e-001	chr7:100024060-100024690	11.36	fp	0
4-GGTGACGTCA	STREME-4	7.5e-001	chr1:26945702-26946032	11.17	tp	0
4-GGTGACGTCA	STREME-4	7.5e-001	chrX:68693350-68693951	11.01	tp	0
4-GGTGACGTCA	STREME-4	7.5e-001	chr5:139651148-139651472	10.73	tp	0
4-GGTGACGTCA	STREME-4	7.5e-001	chr19:33194019-33194456	10.65	tp	0
4-GGTGACGTCA	STREME-4	7.5e-001	chr1:10278913-10279333	10.63	fp	0
4-GGTGACGTCA	STREME-4	7.5e-001	chr13:100514888-100515144	10.57	tp	0
4-GGTGACGTCA	STREME-4	7.5e-001	chr19:53867363-53867945	10.56	tp	0
4-GGTGACGTCA	STREME-4	7.5e-001	chr10:91632775-91633685	10.54	tp	0
4-GGTGACGTCA	STREME-4	7.5e-001	chr9:98848398-98848880	10.52	tp	0
4-GGTGACGTCA	STREME-4	7.5e-001	chr21:26140010-26140732	10.21	tp	0
4-GGTGACGTCA	STREME-4	7.5e-001	chr7:38796965-38797223	10.11	tp	0
4-GGTGACGTCA	STREME-4	7.5e-001	chr19:4559532-4559997	10.10	fp	0
4-GGTGACGTCA	STREME-4	7.5e-001	chr11:45884983-45885934	10.02	tp	0
4-GGTGACGTCA	STREME-4	7.5e-001	chr2:95231710-95232119	10.00	tp	0
4-GGTGACGTCA	STREME-4	7.5e-001	chr3:113626681-113627283	9.96	fp	0
4-GGTGACGTCA	STREME-4	7.5e-001	chr5:172156267-172157042	9.86	tp	0
4-GGTGACGTCA	STREME-4	7.5e-001	chr10:50885501-50885862	9.71	tp	0
4-GGTGACGTCA	STREME-4	7.5e-001	chr3:50237959-50238267	9.66	tp	0
4-GGTGACGTCA	STREME-4	7.5e-001	chr3:124928509-124928902	9.64	tp	0
4-GGTGACGTCA	STREME-4	7.5e-001	chr1:66929867-66930903	9.64	tp	0
4-GGTGACGTCA	STREME-4	7.5e-001	chr4:41216275-41217025	9.51	tp	0
4-GGTGACGTCA	STREME-4	7.5e-001	chr9:120531726-120532170	9.51	tp	0
4-GGTGACGTCA	STREME-4	7.5e-001	chr17:1783778-1784324	9.46	tp	0
4-GGTGACGTCA	STREME-4	7.5e-001	chr10:70885856-70886839	9.45	tp	0
4-GGTGACGTCA	STREME-4	7.5e-001	chrX:78104732-78105169	9.35	tp	0
4-GGTGACGTCA	STREME-4	7.5e-001	chr7:1504059-1504776	9.24	tp	0
4-GGTGACGTCA	STREME-4	7.5e-001	chr2:148646042-148646380	9.19	tp	0
#
5-CTCCCTCCCSY	STREME-5	9.9e-001	chr16:67185441-67185692	15.46	tp	0
5-CTCCCTCCCSY	STREME-5	9.9e-001	chr13:100514888-100515144	14.12	tp	0
5-CTCCCTCCCSY	STREME-5	9.9e-001	chrX:68827831-68828212	13.74	tp	0
5-CTCCCTCCCSY	STREME-5	9.9e-001	chr8:60743987-60744496	13.40	tp	0
5-CTCCCTCCCSY	STREME-5	9.9e-001	chr10:44386591-44386851	13.40	tp	0
5-CTCCCTCCCSY	STREME-5	9.9e-001	chr11:71251792-71252249	13.40	fp	0
5-CTCCCTCCCSY	STREME-5	9.9e-001	chr16:85610532-85610961	13.38	tp	0
5-CTCCCTCCCSY	STREME-5	9.9e-001	chr12:49538735-49539211	13.29	tp	0
5-CTCCCTCCCSY	STREME-5	9.9e-001	chr3:97793321-97793860	13.08	tp	0
5-CTCCCTCCCSY	STREME-5	9.9e-001	chr22:19756603-19756883	12.63	tp	0
5-CTCCCTCCCSY	STREME-5	9.9e-001	chrX:68828636-68829306	12.58	tp	0
5-CTCCCTCCCSY	STREME-5	9.9e-001	chr12:49336844-49337387	12.55	fp	0
5-CTCCCTCCCSY	STREME-5	9.9e-001	chr7:77331905-77332270	12.43	fp	0
5-CTCCCTCCCSY	STREME-5	9.9e-001	chr20:32473536-32473884	12.37	tp	0
5-CTCCCTCCCSY	STREME-5	9.9e-001	chr1:66929867-66930903	12.34	tp	0
5-CTCCCTCCCSY	STREME-5	9.9e-001	chr17:82230718-82231595	11.99	tp	0
5-CTCCCTCCCSY	STREME-5	9.9e-001	chr8:96494969-96495533	11.99	tp	0
5-CTCCCTCCCSY	STREME-5	9.9e-001	chr7:15561709-15562390	11.99	tp	0
5-CTCCCTCCCSY	STREME-5	9.9e-001	chr19:44754195-44754745	11.99	tp	0
5-CTCCCTCCCSY	STREME-5	9.9e-001	chr15:76190752-76191139	11.97	tp	0
5-CTCCCTCCCSY	STREME-5	9.9e-001	chr17:38967095-38967917	11.97	tp	0
5-CTCCCTCCCSY	STREME-5	9.9e-001	chr1:11262216-11262963	11.60	tp	0
5-CTCCCTCCCSY	STREME-5	9.9e-001	chr14:54774021-54774318	11.56	tp	1
5-CTCCCTCCCSY	STREME-5	9.9e-001	chr13:106535311-106536209	11.55	tp	0
5-CTCCCTCCCSY	STREME-5	9.9e-001	chr22:41366910-41367821	11.55	tp	0
5-CTCCCTCCCSY	STREME-5	9.9e-001	chr21:26845072-26845901	11.55	fp	1
5-CTCCCTCCCSY	STREME-5	9.9e-001	chr14:61461793-61462237	11.53	fp	0
5-CTCCCTCCCSY	STREME-5	9.9e-001	chr19:6730028-6731040	11.47	tp	0
5-CTCCCTCCCSY	STREME-5	9.9e-001	chr15:67126805-67127517	11.37	fp	0
5-CTCCCTCCCSY	STREME-5	9.9e-001	chr10:97686855-97687746	11.25	tp	0
5-CTCCCTCCCSY	STREME-5	9.9e-001	chr10:44932740-44933291	11.21	tp	0
5-CTCCCTCCCSY	STREME-5	9.9e-001	chr7:74380606-74381112	11.19	fp	0
5-CTCCCTCCCSY	STREME-5	9.9e-001	chr19:9914413-9915026	11.03	tp	0
5-CTCCCTCCCSY	STREME-5	9.9e-001	chr12:54379612-54379961	11.01	tp	0
5-CTCCCTCCCSY	STREME-5	9.9e-001	chr17:40180774-40181039	11.00	tp	0
5-CTCCCTCCCSY	STREME-5	9.9e-001	chr17:48804909-48805335	11.00	tp	0
5-CTCCCTCCCSY	STREME-5	9.9e-001	chr19:8002371-8002675	10.82	tp	0
5-CTCCCTCCCSY	STREME-5	9.9e-001	chr1:155078652-155079150	10.80	fp	0
5-CTCCCTCCCSY	STREME-5	9.9e-001	chr17:15651499-15652055	10.79	tp	0
5-CTCCCTCCCSY	STREME-5	9.9e-001	chr1:226547766-226548090	10.77	tp	0
5-CTCCCTCCCSY	STREME-5	9.9e-001	chr10:71773407-71773883	10.74	fp	0
5-CTCCCTCCCSY	STREME-5	9.9e-001	chr6:19836821-19837532	10.74	fp	1
5-CTCCCTCCCSY	STREME-5	9.9e-001	chr9:34376739-34377330	10.73	tp	0
5-CTCCCTCCCSY	STREME-5	9.9e-001	chr1:37931230-37932149	10.72	fp	0
5-CTCCCTCCCSY	STREME-5	9.9e-001	chr10:76036402-76036782	10.66	fp	1
5-CTCCCTCCCSY	STREME-5	9.9e-001	chr1:155078652-155079150	10.66	tp	0
5-CTCCCTCCCSY	STREME-5	9.9e-001	chr17:81514563-81515108	10.66	tp	0
5-CTCCCTCCCSY	STREME-5	9.9e-001	chr17:45149214-45149509	10.65	tp	0
5-CTCCCTCCCSY	STREME-5	9.9e-001	chr7:100024060-100024690	10.58	tp	0
5-CTCCCTCCCSY	STREME-5	9.9e-001	chr11:65314457-65315131	10.56	fp	0
5-CTCCCTCCCSY	STREME-5	9.9e-001	chr10:103244711-103245239	10.53	tp	0
5-CTCCCTCCCSY	STREME-5	9.9e-001	chr7:151123606-151124264	10.51	tp	0
5-CTCCCTCCCSY	STREME-5	9.9e-001	chr11:85685510-85686458	10.47	tp	0
5-CTCCCTCCCSY	STREME-5	9.9e-001	chr17:60601226-60601441	10.44	tp	0
5-CTCCCTCCCSY	STREME-5	9.9e-001	chr6:37169242-37170479	10.42	tp	0
5-CTCCCTCCCSY	STREME-5	9.9e-001	chr16:96944-97289	10.34	tp	0
5-CTCCCTCCCSY	STREME-5	9.9e-001	chr10:102114835-102115327	10.31	fp	0
5-CTCCCTCCCSY	STREME-5	9.9e-001	chr17:58249525-58250081	10.27	tp	0
5-CTCCCTCCCSY	STREME-5	9.9e-001	chr10:101781102-101781381	10.19	tp	0
5-CTCCCTCCCSY	STREME-5	9.9e-001	chr7:128842056-128842303	10.13	tp	0
5-CTCCCTCCCSY	STREME-5	9.9e-001	chr2:148874849-148875679	10.10	tp	0
5-CTCCCTCCCSY	STREME-5	9.9e-001	chr17:43398699-43399255	10.09	tp	0
5-CTCCCTCCCSY	STREME-5	9.9e-001	chr9:74496886-74497635	10.03	tp	0
5-CTCCCTCCCSY	STREME-5	9.9e-001	chr10:96719845-96720147	10.01	tp	0
5-CTCCCTCCCSY	STREME-5	9.9e-001	chrX:78104732-78105169	9.98	tp	0
5-CTCCCTCCCSY	STREME-5	9.9e-001	chr15:42084434-42084881	9.90	fp	1
5-CTCCCTCCCSY	STREME-5	9.9e-001	chr17:76141107-76141662	9.88	tp	0
5-CTCCCTCCCSY	STREME-5	9.9e-001	chr20:31846558-31846836	9.87	tp	0
5-CTCCCTCCCSY	STREME-5	9.9e-001	chr7:1504059-1504776	9.86	tp	0
5-CTCCCTCCCSY	STREME-5	9.9e-001	chr10:91632775-91633685	9.79	fp	1
5-CTCCCTCCCSY	STREME-5	9.9e-001	chr12:102956222-102956823	9.78	tp	0
#
6-AGCCGGGCGA	STREME-6	1.0e+000	chr2:148874849-148875679	16.47	tp	0
6-AGCCGGGCGA	STREME-6	1.0e+000	chr1:25810771-25811154	14.08	fp	1
6-AGCCGGGCGA	STREME-6	1.0e+000	chr22:20430819-20431402	14.07	tp	0
6-AGCCGGGCGA	STREME-6	1.0e+000	chr14:60656676-60657704	13.88	tp	0
6-AGCCGGGCGA	STREME-6	1.0e+000	chr10:101839763-101840045	13.05	tp	0
6-AGCCGGGCGA	STREME-6	1.0e+000	chr20:50189964-50190231	12.73	tp	0
6-AGCCGGGCGA	STREME-6	1.0e+000	chr4:133148870-133149409	12.40	tp	0
6-AGCCGGGCGA	STREME-6	1.0e+000	chr17:56592515-56592970	12.40	tp	0
6-AGCCGGGCGA	STREME-6	1.0e+000	chr21:45405406-45405775	12.40	tp	0
6-AGCCGGGCGA	STREME-6	1.0e+000	chr17:82230718-82231595	12.24	tp	0
6-AGCCGGGCGA	STREME-6	1.0e+000	chr8:76682386-76682635	11.67	tp	0
6-AGCCGGGCGA	STREME-6	1.0e+000	chr11:121553745-121554362	11.49	tp	0
6-AGCCGGGCGA	STREME-6	1.0e+000	chrX:100410034-100410616	11.48	tp	0
6-AGCCGGGCGA	STREME-6	1.0e+000	chr2:207769458-207770417	11.37	tp	0
6-AGCCGGGCGA	STREME-6	1.0e+000	chr19:15280914-15281419	11.33	tp	0
6-AGCCGGGCGA	STREME-6	1.0e+000	chr20:37345686-37346197	11.16	tp	0
6-AGCCGGGCGA	STREME-6	1.0e+000	chr22:41366910-41367821	11.13	tp	0
6-AGCCGGGCGA	STREME-6	1.0e+000	chr2:25951036-25951484	11.11	tp	0
6-AGCCGGGCGA	STREME-6	1.0e+000	chr5:177390418-177390927	11.11	tp	0
6-AGCCGGGCGA	STREME-6	1.0e+000	chr19:4559532-4559997	10.86	tp	0
6-AGCCGGGCGA	STREME-6	1.0e+000	chr8:119874467-119874893	10.67	tp	0
6-AGCCGGGCGA	STREME-6	1.0e+000	chr10:50885501-50885862	10.66	tp	0
6-AGCCGGGCGA	STREME-6	1.0e+000	chr13:27792353-27792731	10.55	tp	0
