motif_ID	motif_ALT_ID	motif_P-value	seq_ID	seq_Score	seq_Class	is_holdout?
1-CGGCCCCGCCCCS	STREME-1	2.9e-002	chr17:82230936-82231425	18.96	tp	0
1-CGGCCCCGCCCCS	STREME-1	2.9e-002	chr11:57499448-57500001	17.67	tp	0
1-CGGCCCCGCCCCS	STREME-1	2.9e-002	chr10:102114729-102115391	17.67	tp	0
1-CGGCCCCGCCCCS	STREME-1	2.9e-002	chr18:62526708-62527039	17.67	tp	0
1-CGGCCCCGCCCCS	STREME-1	2.9e-002	chr6:151389750-151390943	17.67	tp	0
1-CGGCCCCGCCCCS	STREME-1	2.9e-002	chr6:122609953-122610809	17.00	fp	0
1-CGGCCCCGCCCCS	STREME-1	2.9e-002	chr3:45225951-45226744	16.84	tp	0
1-CGGCCCCGCCCCS	STREME-1	2.9e-002	chr17:62703797-62704342	16.28	tp	0
1-CGGCCCCGCCCCS	STREME-1	2.9e-002	chr2:17518380-17518764	16.28	tp	0
1-CGGCCCCGCCCCS	STREME-1	2.9e-002	chr4:56530293-56530901	16.28	tp	1
1-CGGCCCCGCCCCS	STREME-1	2.9e-002	chr10:101840696-101840995	16.08	tp	0
1-CGGCCCCGCCCCS	STREME-1	2.9e-002	chr6:159968753-159969539	15.74	tp	0
1-CGGCCCCGCCCCS	STREME-1	2.9e-002	chr19:29212632-29213511	15.67	tp	0
1-CGGCCCCGCCCCS	STREME-1	2.9e-002	chr17:78924912-78925737	15.54	fp	0
1-CGGCCCCGCCCCS	STREME-1	2.9e-002	chr16:88685934-88687365	15.51	tp	0
1-CGGCCCCGCCCCS	STREME-1	2.9e-002	chr1:51990274-51990870	15.51	fp	0
1-CGGCCCCGCCCCS	STREME-1	2.9e-002	chr1:55214496-55216238	15.05	tp	0
1-CGGCCCCGCCCCS	STREME-1	2.9e-002	chr8:125429722-125430670	15.05	tp	0
1-CGGCCCCGCCCCS	STREME-1	2.9e-002	chr6:3228384-3228846	14.99	tp	0
1-CGGCCCCGCCCCS	STREME-1	2.9e-002	chr11:68839164-68839614	14.99	tp	0
1-CGGCCCCGCCCCS	STREME-1	2.9e-002	chr2:29921586-29921910	14.96	tp	0
1-CGGCCCCGCCCCS	STREME-1	2.9e-002	chr1:117605599-117606340	14.88	tp	0
1-CGGCCCCGCCCCS	STREME-1	2.9e-002	chr6:2244639-2245968	14.78	tp	0
1-CGGCCCCGCCCCS	STREME-1	2.9e-002	chr20:48826950-48828707	14.78	fp	0
1-CGGCCCCGCCCCS	STREME-1	2.9e-002	chr18:76822070-76822487	14.78	tp	1
1-CGGCCCCGCCCCS	STREME-1	2.9e-002	chr20:48826950-48828707	14.59	tp	0
1-CGGCCCCGCCCCS	STREME-1	2.9e-002	chr7:1530190-1531669	14.55	tp	0
1-CGGCCCCGCCCCS	STREME-1	2.9e-002	chr1:35191742-35193596	14.25	tp	0
1-CGGCCCCGCCCCS	STREME-1	2.9e-002	chr1:9539172-9539907	14.21	tp	0
1-CGGCCCCGCCCCS	STREME-1	2.9e-002	chr19:49150518-49150931	14.05	tp	1
1-CGGCCCCGCCCCS	STREME-1	2.9e-002	chr16:23182322-23183083	14.04	tp	0
1-CGGCCCCGCCCCS	STREME-1	2.9e-002	chr8:66961108-66962266	13.98	tp	0
1-CGGCCCCGCCCCS	STREME-1	2.9e-002	chr10:91908100-91909165	13.96	tp	0
1-CGGCCCCGCCCCS	STREME-1	2.9e-002	chr5:157743451-157744502	13.90	tp	0
1-CGGCCCCGCCCCS	STREME-1	2.9e-002	chr12:77324534-77325391	13.73	tp	0
1-CGGCCCCGCCCCS	STREME-1	2.9e-002	chr7:76201526-76202368	13.72	tp	0
1-CGGCCCCGCCCCS	STREME-1	2.9e-002	chr20:63573816-63574455	13.59	tp	0
1-CGGCCCCGCCCCS	STREME-1	2.9e-002	chr5:151252615-151253327	13.49	tp	0
1-CGGCCCCGCCCCS	STREME-1	2.9e-002	chr17:45147442-45147853	13.38	tp	0
1-CGGCCCCGCCCCS	STREME-1	2.9e-002	chr1:203026245-203026834	13.32	tp	0
1-CGGCCCCGCCCCS	STREME-1	2.9e-002	chr12:74537591-74538449	13.17	tp	1
1-CGGCCCCGCCCCS	STREME-1	2.9e-002	chr19:3285477-3285999	13.04	tp	0
1-CGGCCCCGCCCCS	STREME-1	2.9e-002	chr1:27012439-27013068	13.01	tp	0
1-CGGCCCCGCCCCS	STREME-1	2.9e-002	chr8:143877914-143878802	12.99	tp	0
1-CGGCCCCGCCCCS	STREME-1	2.9e-002	chr17:78924912-78925737	12.99	tp	0
1-CGGCCCCGCCCCS	STREME-1	2.9e-002	chr4:133148953-133149378	12.99	tp	0
1-CGGCCCCGCCCCS	STREME-1	2.9e-002	chr5:140346293-140347036	12.99	tp	1
1-CGGCCCCGCCCCS	STREME-1	2.9e-002	chr19:12956850-12957346	12.97	tp	0
1-CGGCCCCGCCCCS	STREME-1	2.9e-002	chr20:5000822-5002225	12.97	tp	0
1-CGGCCCCGCCCCS	STREME-1	2.9e-002	chr9:134325937-134326533	12.97	fp	0
1-CGGCCCCGCCCCS	STREME-1	2.9e-002	chr4:7192374-7192806	12.93	tp	0
1-CGGCCCCGCCCCS	STREME-1	2.9e-002	chr10:102241370-102241835	12.84	tp	0
1-CGGCCCCGCCCCS	STREME-1	2.9e-002	chr14:102592150-102593025	12.84	tp	0
1-CGGCCCCGCCCCS	STREME-1	2.9e-002	chr18:57435178-57435534	12.83	tp	0
1-CGGCCCCGCCCCS	STREME-1	2.9e-002	chrX:100410185-100410521	12.83	tp	0
1-CGGCCCCGCCCCS	STREME-1	2.9e-002	chr19:48872213-48872703	12.67	tp	0
1-CGGCCCCGCCCCS	STREME-1	2.9e-002	chr9:132241755-132242331	12.43	tp	0
1-CGGCCCCGCCCCS	STREME-1	2.9e-002	chr9:134325937-134326533	12.43	tp	0
#
2-AGGAAG	STREME-2	3.7e-002	chr5:157743451-157744502	10.75	tp	0
2-AGGAAG	STREME-2	3.7e-002	chr19:55258630-55259301	10.75	tp	0
2-AGGAAG	STREME-2	3.7e-002	chr15:64460189-64461734	10.75	tp	0
2-AGGAAG	STREME-2	3.7e-002	chr11:124867593-124867969	10.75	tp	0
2-AGGAAG	STREME-2	3.7e-002	chr16:21233424-21233986	10.75	tp	0
2-AGGAAG	STREME-2	3.7e-002	chr5:74642046-74642268	10.75	tp	0
2-AGGAAG	STREME-2	3.7e-002	chr14:58331025-58331460	10.75	tp	0
2-AGGAAG	STREME-2	3.7e-002	chr11:57800587-57801152	10.75	tp	0
2-AGGAAG	STREME-2	3.7e-002	chr12:4276957-4277227	10.75	tp	0
2-AGGAAG	STREME-2	3.7e-002	chr20:34312357-34313057	10.75	tp	0
2-AGGAAG	STREME-2	3.7e-002	chrX:18674484-18675502	10.75	tp	0
2-AGGAAG	STREME-2	3.7e-002	chr10:102114729-102115391	10.75	tp	0
2-AGGAAG	STREME-2	3.7e-002	chr9:4662080-4663164	10.75	tp	0
2-AGGAAG	STREME-2	3.7e-002	chr5:172187003-172187481	10.75	tp	0
2-AGGAAG	STREME-2	3.7e-002	chr4:101419137-101419837	10.75	tp	0
2-AGGAAG	STREME-2	3.7e-002	chr3:113697279-113697787	10.75	tp	0
2-AGGAAG	STREME-2	3.7e-002	chr5:102296017-102296801	10.75	tp	0
2-AGGAAG	STREME-2	3.7e-002	chr3:195259505-195260506	10.75	tp	0
2-AGGAAG	STREME-2	3.7e-002	chr1:201114192-201114598	10.75	tp	0
2-AGGAAG	STREME-2	3.7e-002	chr3:187368158-187368655	10.75	tp	0
2-AGGAAG	STREME-2	3.7e-002	chr1:22562742-22563067	10.75	tp	0
2-AGGAAG	STREME-2	3.7e-002	chr20:23049441-23049989	10.75	tp	0
2-AGGAAG	STREME-2	3.7e-002	chr10:99329102-99329631	10.75	tp	0
2-AGGAAG	STREME-2	3.7e-002	chr9:111760133-111760577	10.75	tp	0
2-AGGAAG	STREME-2	3.7e-002	chr1:156583963-156584530	10.75	tp	0
2-AGGAAG	STREME-2	3.7e-002	chr20:44960115-44960682	10.75	tp	0
2-AGGAAG	STREME-2	3.7e-002	chr3:94028365-94028884	10.75	tp	0
2-AGGAAG	STREME-2	3.7e-002	chr16:81738118-81738327	10.75	tp	0
2-AGGAAG	STREME-2	3.7e-002	chr2:85750579-85750850	10.75	tp	0
2-AGGAAG	STREME-2	3.7e-002	chrX:119692845-119693945	10.75	tp	0
2-AGGAAG	STREME-2	3.7e-002	chr9:34612828-34613315	10.75	tp	0
2-AGGAAG	STREME-2	3.7e-002	chr20:35303881-35304227	10.75	tp	0
2-AGGAAG	STREME-2	3.7e-002	chr17:50087456-50087752	10.75	tp	0
2-AGGAAG	STREME-2	3.7e-002	chr15:73700219-73700449	10.75	tp	0
2-AGGAAG	STREME-2	3.7e-002	chr12:49056044-49056322	10.75	tp	0
2-AGGAAG	STREME-2	3.7e-002	chr1:35640836-35641890	10.75	tp	0
2-AGGAAG	STREME-2	3.7e-002	chr1:61077888-61078250	10.75	tp	0
2-AGGAAG	STREME-2	3.7e-002	chr1:2208127-2208608	10.75	tp	0
2-AGGAAG	STREME-2	3.7e-002	chr1:27959746-27960577	10.75	tp	0
2-AGGAAG	STREME-2	3.7e-002	chr19:18741653-18742035	10.75	tp	0
2-AGGAAG	STREME-2	3.7e-002	chr12:123436104-123436812	10.75	tp	0
2-AGGAAG	STREME-2	3.7e-002	chr5:167573883-167574092	10.75	tp	0
2-AGGAAG	STREME-2	3.7e-002	chr2:233013114-233013597	10.75	tp	0
2-AGGAAG	STREME-2	3.7e-002	chrX:65667226-65668118	10.75	tp	0
2-AGGAAG	STREME-2	3.7e-002	chr2:66496376-66496959	10.75	tp	0
2-AGGAAG	STREME-2	3.7e-002	chr3:170049487-170049956	10.75	tp	0
2-AGGAAG	STREME-2	3.7e-002	chr6:150599670-150600142	10.75	tp	0
2-AGGAAG	STREME-2	3.7e-002	chr5:16465116-16466426	10.75	tp	0
2-AGGAAG	STREME-2	3.7e-002	chr17:63697936-63698211	10.75	tp	0
2-AGGAAG	STREME-2	3.7e-002	chr14:60656899-60657867	10.75	tp	0
2-AGGAAG	STREME-2	3.7e-002	chr13:109787291-109787964	10.75	tp	0
2-AGGAAG	STREME-2	3.7e-002	chr16:49855219-49855852	10.75	tp	0
2-AGGAAG	STREME-2	3.7e-002	chr17:39632232-39632562	10.75	tp	0
2-AGGAAG	STREME-2	3.7e-002	chr18:48541070-48541562	10.75	tp	0
2-AGGAAG	STREME-2	3.7e-002	chr7:1087954-1088347	10.75	tp	0
2-AGGAAG	STREME-2	3.7e-002	chr19:46662009-46662301	10.75	tp	0
2-AGGAAG	STREME-2	3.7e-002	chr6:24583488-24583741	10.75	tp	0
2-AGGAAG	STREME-2	3.7e-002	chr17:57903189-57903568	10.75	tp	0
2-AGGAAG	STREME-2	3.7e-002	chr3:11643800-11644165	10.75	tp	0
2-AGGAAG	STREME-2	3.7e-002	chrX:106168159-106168368	10.75	tp	0
2-AGGAAG	STREME-2	3.7e-002	chr10:21495515-21496434	10.75	tp	0
2-AGGAAG	STREME-2	3.7e-002	chr11:6443306-6443717	10.75	tp	0
2-AGGAAG	STREME-2	3.7e-002	chr10:122018849-122020011	10.75	tp	0
2-AGGAAG	STREME-2	3.7e-002	chrX:101550256-101550937	10.75	tp	0
2-AGGAAG	STREME-2	3.7e-002	chrX:150508224-150508766	10.75	tp	0
2-AGGAAG	STREME-2	3.7e-002	chr1:28208847-28209262	10.75	tp	0
2-AGGAAG	STREME-2	3.7e-002	chr17:57597699-57598112	10.75	tp	0
2-AGGAAG	STREME-2	3.7e-002	chr9:128927769-128928375	10.75	tp	0
2-AGGAAG	STREME-2	3.7e-002	chr12:98698916-98699166	10.75	tp	0
2-AGGAAG	STREME-2	3.7e-002	chr22:32043579-32044034	10.75	fp	0
2-AGGAAG	STREME-2	3.7e-002	chr7:30770998-30772027	10.75	fp	0
2-AGGAAG	STREME-2	3.7e-002	chr1:26862770-26863239	10.75	fp	0
2-AGGAAG	STREME-2	3.7e-002	chr17:45148122-45148921	10.75	fp	0
2-AGGAAG	STREME-2	3.7e-002	chr17:62702872-62703684	10.75	fp	0
2-AGGAAG	STREME-2	3.7e-002	chr6:116668185-116669101	10.75	fp	0
2-AGGAAG	STREME-2	3.7e-002	chr3:170049487-170049956	10.75	fp	0
2-AGGAAG	STREME-2	3.7e-002	chr12:98698916-98699166	10.75	fp	0
2-AGGAAG	STREME-2	3.7e-002	chr11:6443306-6443717	10.75	fp	0
2-AGGAAG	STREME-2	3.7e-002	chr8:125431489-125431808	10.75	fp	0
2-AGGAAG	STREME-2	3.7e-002	chr15:40104799-40105169	10.75	fp	0
2-AGGAAG	STREME-2	3.7e-002	chrX:106726474-106727230	10.75	fp	0
2-AGGAAG	STREME-2	3.7e-002	chr3:113697279-113697787	10.75	fp	0
2-AGGAAG	STREME-2	3.7e-002	chr1:94061089-94062028	10.75	fp	0
2-AGGAAG	STREME-2	3.7e-002	chr8:47659468-47660111	10.75	fp	0
2-AGGAAG	STREME-2	3.7e-002	chr2:85750579-85750850	10.75	fp	0
2-AGGAAG	STREME-2	3.7e-002	chr6:35294353-35294595	10.75	fp	0
2-AGGAAG	STREME-2	3.7e-002	chr15:76191411-76192288	10.75	fp	0
2-AGGAAG	STREME-2	3.7e-002	chr19:18110668-18111265	10.75	fp	0
2-AGGAAG	STREME-2	3.7e-002	chr6:151325152-151325993	10.75	fp	0
2-AGGAAG	STREME-2	3.7e-002	chr1:169712061-169712374	10.75	fp	0
2-AGGAAG	STREME-2	3.7e-002	chr17:39632232-39632562	10.75	fp	0
2-AGGAAG	STREME-2	3.7e-002	chr6:39048477-39048938	10.75	fp	0
2-AGGAAG	STREME-2	3.7e-002	chr10:62268142-62269116	10.75	fp	0
2-AGGAAG	STREME-2	3.7e-002	chr4:122152129-122153335	10.75	fp	0
2-AGGAAG	STREME-2	3.7e-002	chr5:74642046-74642268	10.75	fp	0
2-AGGAAG	STREME-2	3.7e-002	chr6:137218978-137219780	10.75	fp	0
2-AGGAAG	STREME-2	3.7e-002	chr2:39123879-39124842	10.75	fp	0
2-AGGAAG	STREME-2	3.7e-002	chr1:103562186-103562500	10.75	fp	0
2-AGGAAG	STREME-2	3.7e-002	chr14:68792932-68793068	10.75	fp	0
2-AGGAAG	STREME-2	3.7e-002	chr19:44754207-44754746	10.75	fp	0
2-AGGAAG	STREME-2	3.7e-002	chr8:17576750-17577500	10.75	fp	0
2-AGGAAG	STREME-2	3.7e-002	chr5:172187003-172187481	10.75	fp	0
2-AGGAAG	STREME-2	3.7e-002	chr1:203129448-203129903	10.75	fp	0
2-AGGAAG	STREME-2	3.7e-002	chr20:63626953-63627186	10.75	fp	0
2-AGGAAG	STREME-2	3.7e-002	chrX:106168159-106168368	10.75	fp	0
2-AGGAAG	STREME-2	3.7e-002	chr9:33076317-33076795	10.75	fp	0
2-AGGAAG	STREME-2	3.7e-002	chr2:135875381-135876846	10.75	fp	0
2-AGGAAG	STREME-2	3.7e-002	chr6:138545629-138546131	10.75	fp	0
2-AGGAAG	STREME-2	3.7e-002	chr10:122018849-122020011	10.75	fp	0
2-AGGAAG	STREME-2	3.7e-002	chr3:64224975-64225607	10.75	fp	0
2-AGGAAG	STREME-2	3.7e-002	chr3:64224975-64225607	10.75	tp	1
2-AGGAAG	STREME-2	3.7e-002	chr2:190469291-190469550	10.75	tp	1
2-AGGAAG	STREME-2	3.7e-002	chr10:76036389-76036755	10.75	tp	1
2-AGGAAG	STREME-2	3.7e-002	chr2:148646021-148646352	10.75	tp	1
2-AGGAAG	STREME-2	3.7e-002	chr6:8434841-8436142	10.75	tp	1
2-AGGAAG	STREME-2	3.7e-002	chr1:169712061-169712374	10.75	tp	1
2-AGGAAG	STREME-2	3.7e-002	chr1:58784986-58785511	10.75	tp	1
2-AGGAAG	STREME-2	3.7e-002	chr1:119808997-119809307	10.75	tp	1
2-AGGAAG	STREME-2	3.7e-002	chr20:34955320-34956442	10.75	tp	1
2-AGGAAG	STREME-2	3.7e-002	chr8:85245282-85246340	10.75	tp	1
2-AGGAAG	STREME-2	3.7e-002	chr12:49336996-49337401	10.75	tp	1
2-AGGAAG	STREME-2	3.7e-002	chr12:14948658-14949161	10.75	tp	1
2-AGGAAG	STREME-2	3.7e-002	chr20:50109999-50110607	10.75	tp	1
2-AGGAAG	STREME-2	3.7e-002	chr3:114383838-114384148	10.75	fp	1
2-AGGAAG	STREME-2	3.7e-002	chr19:12965050-12965781	10.75	fp	1
2-AGGAAG	STREME-2	3.7e-002	chr7:151018167-151018676	10.75	fp	1
2-AGGAAG	STREME-2	3.7e-002	chr6:125780111-125780738	10.75	fp	1
2-AGGAAG	STREME-2	3.7e-002	chr17:57597699-57598112	10.75	fp	1
#
3-ASCAGRTGGCR	STREME-3	8.4e-002	chr13:100514896-100515156	15.36	tp	0
3-ASCAGRTGGCR	STREME-3	8.4e-002	chr12:4276957-4277227	14.94	tp	0
3-ASCAGRTGGCR	STREME-3	8.4e-002	chr3:51682083-51682468	14.56	fp	0
3-ASCAGRTGGCR	STREME-3	8.4e-002	chr9:128927769-128928375	14.51	tp	0
3-ASCAGRTGGCR	STREME-3	8.4e-002	chr12:52023233-52023655	14.29	tp	0
3-ASCAGRTGGCR	STREME-3	8.4e-002	chr1:109546285-109546543	14.29	tp	0
3-ASCAGRTGGCR	STREME-3	8.4e-002	chr17:39632232-39632562	14.29	tp	0
3-ASCAGRTGGCR	STREME-3	8.4e-002	chr2:170812820-170813072	14.13	tp	0
3-ASCAGRTGGCR	STREME-3	8.4e-002	chr14:90399524-90399876	13.93	tp	1
3-ASCAGRTGGCR	STREME-3	8.4e-002	chr14:23068912-23069193	13.89	tp	0
3-ASCAGRTGGCR	STREME-3	8.4e-002	chr14:69726928-69727382	13.89	tp	0
3-ASCAGRTGGCR	STREME-3	8.4e-002	chr17:63697936-63698211	13.51	tp	0
3-ASCAGRTGGCR	STREME-3	8.4e-002	chr22:28443543-28443899	12.88	tp	1
3-ASCAGRTGGCR	STREME-3	8.4e-002	chr13:100514896-100515156	12.84	fp	0
3-ASCAGRTGGCR	STREME-3	8.4e-002	chr1:161765308-161765552	12.83	tp	0
3-ASCAGRTGGCR	STREME-3	8.4e-002	chr10:91908100-91909165	12.76	fp	0
3-ASCAGRTGGCR	STREME-3	8.4e-002	chr2:233408740-233409164	12.67	fp	0
3-ASCAGRTGGCR	STREME-3	8.4e-002	chr3:4711372-4711709	12.56	tp	0
3-ASCAGRTGGCR	STREME-3	8.4e-002	chr14:64726360-64726888	12.25	tp	0
3-ASCAGRTGGCR	STREME-3	8.4e-002	chr1:169712061-169712374	12.14	tp	1
3-ASCAGRTGGCR	STREME-3	8.4e-002	chr2:11669566-11670210	12.10	tp	0
3-ASCAGRTGGCR	STREME-3	8.4e-002	chr17:50087456-50087752	12.07	tp	0
3-ASCAGRTGGCR	STREME-3	8.4e-002	chr12:6825657-6825895	12.07	tp	0
3-ASCAGRTGGCR	STREME-3	8.4e-002	chrX:135345297-135345545	12.04	fp	0
3-ASCAGRTGGCR	STREME-3	8.4e-002	chr6:111709931-111710271	11.96	tp	0
3-ASCAGRTGGCR	STREME-3	8.4e-002	chr15:43824385-43825056	11.95	tp	0
3-ASCAGRTGGCR	STREME-3	8.4e-002	chr14:69657875-69658338	11.95	tp	0
3-ASCAGRTGGCR	STREME-3	8.4e-002	chr11:111983182-111983478	11.87	fp	0
3-ASCAGRTGGCR	STREME-3	8.4e-002	chr16:81738118-81738327	11.66	tp	0
3-ASCAGRTGGCR	STREME-3	8.4e-002	chr10:103244609-103245143	11.66	tp	0
3-ASCAGRTGGCR	STREME-3	8.4e-002	chr22:32043579-32044034	11.54	tp	0
3-ASCAGRTGGCR	STREME-3	8.4e-002	chr10:122018849-122020011	11.53	tp	0
3-ASCAGRTGGCR	STREME-3	8.4e-002	chr17:45148122-45148921	11.46	tp	0
3-ASCAGRTGGCR	STREME-3	8.4e-002	chr7:101126318-101126750	11.39	tp	0
3-ASCAGRTGGCR	STREME-3	8.4e-002	chr11:57493550-57493761	11.38	tp	0
3-ASCAGRTGGCR	STREME-3	8.4e-002	chr1:224513765-224514091	11.38	tp	0
3-ASCAGRTGGCR	STREME-3	8.4e-002	chr17:7436679-7437390	11.35	tp	0
3-ASCAGRTGGCR	STREME-3	8.4e-002	chr7:105691722-105692058	11.16	tp	0
3-ASCAGRTGGCR	STREME-3	8.4e-002	chr1:164787162-164787814	11.16	tp	0
3-ASCAGRTGGCR	STREME-3	8.4e-002	chr3:49802633-49802848	11.16	tp	1
3-ASCAGRTGGCR	STREME-3	8.4e-002	chr12:89470796-89471097	11.04	tp	1
3-ASCAGRTGGCR	STREME-3	8.4e-002	chr20:50929359-50929830	11.02	tp	0
3-ASCAGRTGGCR	STREME-3	8.4e-002	chr2:98909412-98909986	10.91	tp	0
3-ASCAGRTGGCR	STREME-3	8.4e-002	chr14:64764686-64765153	10.89	tp	0
3-ASCAGRTGGCR	STREME-3	8.4e-002	chr12:98698916-98699166	10.89	tp	0
3-ASCAGRTGGCR	STREME-3	8.4e-002	chr1:19096269-19096828	10.81	tp	0
3-ASCAGRTGGCR	STREME-3	8.4e-002	chr1:40818579-40819045	10.77	tp	0
3-ASCAGRTGGCR	STREME-3	8.4e-002	chr16:49855219-49855852	10.77	tp	0
3-ASCAGRTGGCR	STREME-3	8.4e-002	chr15:90219397-90220294	10.77	tp	0
3-ASCAGRTGGCR	STREME-3	8.4e-002	chr8:37696613-37696839	10.75	fp	0
3-ASCAGRTGGCR	STREME-3	8.4e-002	chr10:114303940-114304285	10.73	tp	0
3-ASCAGRTGGCR	STREME-3	8.4e-002	chr3:169268931-169269392	10.69	tp	0
3-ASCAGRTGGCR	STREME-3	8.4e-002	chr1:160193145-160193796	10.68	fp	0
3-ASCAGRTGGCR	STREME-3	8.4e-002	chr6:108656591-108657106	10.67	tp	0
3-ASCAGRTGGCR	STREME-3	8.4e-002	chr4:127622550-127623188	10.66	tp	0
3-ASCAGRTGGCR	STREME-3	8.4e-002	chr1:177983531-177983933	10.63	fp	0
3-ASCAGRTGGCR	STREME-3	8.4e-002	chr11:78022007-78022433	10.61	fp	0
3-ASCAGRTGGCR	STREME-3	8.4e-002	chr15:43824385-43825056	10.60	fp	0
3-ASCAGRTGGCR	STREME-3	8.4e-002	chr22:30423884-30424611	10.60	tp	0
3-ASCAGRTGGCR	STREME-3	8.4e-002	chr22:24303697-24303955	10.58	tp	0
3-ASCAGRTGGCR	STREME-3	8.4e-002	chr5:136174097-136174454	10.58	tp	0
3-ASCAGRTGGCR	STREME-3	8.4e-002	chr7:19708434-19709233	10.58	fp	0
3-ASCAGRTGGCR	STREME-3	8.4e-002	chr19:7829200-7830463	10.57	tp	0
3-ASCAGRTGGCR	STREME-3	8.4e-002	chr4:39406765-39407155	10.56	tp	0
3-ASCAGRTGGCR	STREME-3	8.4e-002	chr1:234478166-234479355	10.54	tp	0
3-ASCAGRTGGCR	STREME-3	8.4e-002	chr3:113844698-113845000	10.50	fp	0
3-ASCAGRTGGCR	STREME-3	8.4e-002	chr6:95577696-95578338	10.48	tp	0
3-ASCAGRTGGCR	STREME-3	8.4e-002	chr6:90218494-90218935	10.44	tp	0
3-ASCAGRTGGCR	STREME-3	8.4e-002	chr6:13407790-13408360	10.39	tp	0
3-ASCAGRTGGCR	STREME-3	8.4e-002	chr1:226547731-226548094	10.37	fp	0
3-ASCAGRTGGCR	STREME-3	8.4e-002	chr11:75241377-75242218	10.33	tp	0
3-ASCAGRTGGCR	STREME-3	8.4e-002	chr11:65646848-65647610	10.32	tp	0
3-ASCAGRTGGCR	STREME-3	8.4e-002	chr6:26596632-26597422	10.29	tp	0
3-ASCAGRTGGCR	STREME-3	8.4e-002	chr5:65611515-65611913	10.25	tp	0
3-ASCAGRTGGCR	STREME-3	8.4e-002	chr21:42381348-42381773	10.19	fp	0
3-ASCAGRTGGCR	STREME-3	8.4e-002	chr4:128831888-128832544	10.18	tp	0
3-ASCAGRTGGCR	STREME-3	8.4e-002	chr6:134052011-134052870	10.18	tp	0
3-ASCAGRTGGCR	STREME-3	8.4e-002	chrX:30888717-30889943	10.17	tp	0
3-ASCAGRTGGCR	STREME-3	8.4e-002	chr3:12994938-12995324	10.17	tp	0
3-ASCAGRTGGCR	STREME-3	8.4e-002	chr2:55010156-55010613	10.17	tp	1
3-ASCAGRTGGCR	STREME-3	8.4e-002	chr2:159146928-159147450	10.16	fp	0
3-ASCAGRTGGCR	STREME-3	8.4e-002	chr5:157328326-157328736	10.13	tp	0
3-ASCAGRTGGCR	STREME-3	8.4e-002	chr3:114383838-114384148	10.13	tp	0
3-ASCAGRTGGCR	STREME-3	8.4e-002	chr4:186725874-186726138	10.11	tp	0
3-ASCAGRTGGCR	STREME-3	8.4e-002	chrX:106168159-106168368	10.11	tp	0
3-ASCAGRTGGCR	STREME-3	8.4e-002	chr13:39016727-39017256	10.11	tp	0
3-ASCAGRTGGCR	STREME-3	8.4e-002	chr10:60943040-60943313	10.10	fp	0
3-ASCAGRTGGCR	STREME-3	8.4e-002	chr14:64726360-64726888	10.05	fp	0
3-ASCAGRTGGCR	STREME-3	8.4e-002	chr20:34312357-34313057	10.03	fp	0
3-ASCAGRTGGCR	STREME-3	8.4e-002	chr10:88851564-88852213	9.96	tp	0
3-ASCAGRTGGCR	STREME-3	8.4e-002	chr3:46923106-46924069	9.94	tp	0
3-ASCAGRTGGCR	STREME-3	8.4e-002	chr9:111760133-111760577	9.94	tp	0
3-ASCAGRTGGCR	STREME-3	8.4e-002	chr8:106617521-106618444	9.88	tp	0
3-ASCAGRTGGCR	STREME-3	8.4e-002	chr3:124972487-124972821	9.87	tp	0
3-ASCAGRTGGCR	STREME-3	8.4e-002	chr5:141560759-141561164	9.87	tp	0
3-ASCAGRTGGCR	STREME-3	8.4e-002	chr2:96305194-96305714	9.86	fp	0
3-ASCAGRTGGCR	STREME-3	8.4e-002	chr10:97333520-97334277	9.85	fp	0
3-ASCAGRTGGCR	STREME-3	8.4e-002	chr14:64764686-64765153	9.85	fp	0
3-ASCAGRTGGCR	STREME-3	8.4e-002	chr1:119808997-119809307	9.84	tp	1
3-ASCAGRTGGCR	STREME-3	8.4e-002	chr11:57800587-57801152	9.83	tp	0
3-ASCAGRTGGCR	STREME-3	8.4e-002	chr17:76121592-76122084	9.81	tp	0
3-ASCAGRTGGCR	STREME-3	8.4e-002	chr12:49336996-49337401	9.81	tp	1
3-ASCAGRTGGCR	STREME-3	8.4e-002	chr1:103106826-103107274	9.79	tp	0
3-ASCAGRTGGCR	STREME-3	8.4e-002	chr19:44754207-44754746	9.72	tp	0
3-ASCAGRTGGCR	STREME-3	8.4e-002	chr10:110822695-110823071	9.72	tp	0
3-ASCAGRTGGCR	STREME-3	8.4e-002	chr19:39167142-39167925	9.71	fp	0
3-ASCAGRTGGCR	STREME-3	8.4e-002	chr8:27326801-27327197	9.70	tp	0
3-ASCAGRTGGCR	STREME-3	8.4e-002	chr22:30634442-30634793	9.68	tp	0
3-ASCAGRTGGCR	STREME-3	8.4e-002	chr5:159331380-159331874	9.68	fp	1
3-ASCAGRTGGCR	STREME-3	8.4e-002	chr2:66507623-66508028	9.66	tp	0
3-ASCAGRTGGCR	STREME-3	8.4e-002	chr5:88785857-88786119	9.65	tp	0
3-ASCAGRTGGCR	STREME-3	8.4e-002	chr10:21495515-21496434	9.65	fp	0
3-ASCAGRTGGCR	STREME-3	8.4e-002	chr10:113552680-113553173	9.64	tp	0
3-ASCAGRTGGCR	STREME-3	8.4e-002	chr6:24583488-24583741	9.64	tp	0
3-ASCAGRTGGCR	STREME-3	8.4e-002	chr22:32043579-32044034	9.60	fp	0
3-ASCAGRTGGCR	STREME-3	8.4e-002	chr6:3228384-3228846	9.60	fp	0
3-ASCAGRTGGCR	STREME-3	8.4e-002	chr3:113697279-113697787	9.57	tp	0
3-ASCAGRTGGCR	STREME-3	8.4e-002	chrX:38006170-38006730	9.56	tp	1
3-ASCAGRTGGCR	STREME-3	8.4e-002	chr3:9422633-9423456	9.56	tp	0
3-ASCAGRTGGCR	STREME-3	8.4e-002	chr8:125431489-125431808	9.56	tp	0
3-ASCAGRTGGCR	STREME-3	8.4e-002	chr19:15281028-15281487	9.51	tp	0
3-ASCAGRTGGCR	STREME-3	8.4e-002	chr6:125780111-125780738	9.50	tp	0
3-ASCAGRTGGCR	STREME-3	8.4e-002	chr12:32534004-32534549	9.50	tp	0
3-ASCAGRTGGCR	STREME-3	8.4e-002	chr9:98791093-98791455	9.48	fp	0
3-ASCAGRTGGCR	STREME-3	8.4e-002	chr4:122152129-122153335	9.45	fp	0
3-ASCAGRTGGCR	STREME-3	8.4e-002	chr1:15735928-15736576	9.45	tp	0
3-ASCAGRTGGCR	STREME-3	8.4e-002	chr1:62597327-62597590	9.44	fp	0
3-ASCAGRTGGCR	STREME-3	8.4e-002	chr22:29798486-29800273	9.44	fp	0
3-ASCAGRTGGCR	STREME-3	8.4e-002	chr17:45148122-45148921	9.36	fp	0
3-ASCAGRTGGCR	STREME-3	8.4e-002	chr22:36328706-36329148	9.35	tp	0
3-ASCAGRTGGCR	STREME-3	8.4e-002	chr22:37581511-37581938	9.32	tp	0
3-ASCAGRTGGCR	STREME-3	8.4e-002	chr12:124387481-124387917	9.31	tp	0
3-ASCAGRTGGCR	STREME-3	8.4e-002	chr7:1537082-1537573	9.30	tp	0
3-ASCAGRTGGCR	STREME-3	8.4e-002	chr11:124867593-124867969	9.29	fp	0
3-ASCAGRTGGCR	STREME-3	8.4e-002	chr14:90060389-90061049	9.29	tp	0
3-ASCAGRTGGCR	STREME-3	8.4e-002	chr1:203129448-203129903	9.28	tp	0
3-ASCAGRTGGCR	STREME-3	8.4e-002	chr1:200620309-200621271	9.27	tp	0
3-ASCAGRTGGCR	STREME-3	8.4e-002	chrX:68827848-68828097	9.27	tp	0
3-ASCAGRTGGCR	STREME-3	8.4e-002	chr4:169660416-169660891	9.26	tp	0
3-ASCAGRTGGCR	STREME-3	8.4e-002	chr1:177983531-177983933	9.25	tp	0
3-ASCAGRTGGCR	STREME-3	8.4e-002	chr21:42381348-42381773	9.25	tp	0
3-ASCAGRTGGCR	STREME-3	8.4e-002	chr9:112112968-112113466	9.24	fp	0
3-ASCAGRTGGCR	STREME-3	8.4e-002	chr1:58784986-58785511	9.22	fp	0
3-ASCAGRTGGCR	STREME-3	8.4e-002	chr6:46490421-46490674	9.20	tp	0
3-ASCAGRTGGCR	STREME-3	8.4e-002	chr4:128831246-128831784	9.20	fp	1
3-ASCAGRTGGCR	STREME-3	8.4e-002	chr2:66496376-66496959	9.15	fp	1
3-ASCAGRTGGCR	STREME-3	8.4e-002	chr19:48970745-48971128	9.13	tp	0
3-ASCAGRTGGCR	STREME-3	8.4e-002	chr10:133372323-133373337	9.11	tp	0
3-ASCAGRTGGCR	STREME-3	8.4e-002	chr12:6825657-6825895	9.10	fp	1
3-ASCAGRTGGCR	STREME-3	8.4e-002	chr3:51682083-51682468	9.09	tp	0
3-ASCAGRTGGCR	STREME-3	8.4e-002	chr4:89307367-89308345	9.04	fp	0
3-ASCAGRTGGCR	STREME-3	8.4e-002	chr14:58331025-58331460	9.03	fp	0
3-ASCAGRTGGCR	STREME-3	8.4e-002	chr2:159146928-159147450	8.98	tp	0
3-ASCAGRTGGCR	STREME-3	8.4e-002	chr14:23006490-23007476	8.98	tp	0
3-ASCAGRTGGCR	STREME-3	8.4e-002	chr3:184145023-184145697	8.96	tp	1
3-ASCAGRTGGCR	STREME-3	8.4e-002	chr17:2025983-2026320	8.96	tp	0
3-ASCAGRTGGCR	STREME-3	8.4e-002	chr10:102114729-102115391	8.96	fp	0
3-ASCAGRTGGCR	STREME-3	8.4e-002	chr2:209961154-209961349	8.95	tp	0
3-ASCAGRTGGCR	STREME-3	8.4e-002	chr11:124867593-124867969	8.95	tp	0
3-ASCAGRTGGCR	STREME-3	8.4e-002	chr20:63626953-63627186	8.94	tp	0
3-ASCAGRTGGCR	STREME-3	8.4e-002	chr2:233408740-233409164	8.94	tp	0
3-ASCAGRTGGCR	STREME-3	8.4e-002	chr10:91908100-91909165	8.94	tp	0
3-ASCAGRTGGCR	STREME-3	8.4e-002	chr15:67126906-67127549	8.92	tp	0
3-ASCAGRTGGCR	STREME-3	8.4e-002	chr4:39406765-39407155	8.91	fp	0
3-ASCAGRTGGCR	STREME-3	8.4e-002	chr3:113844698-113845000	8.90	tp	0
3-ASCAGRTGGCR	STREME-3	8.4e-002	chr2:170812820-170813072	8.87	fp	0
3-ASCAGRTGGCR	STREME-3	8.4e-002	chr1:37480015-37480352	8.83	tp	0
3-ASCAGRTGGCR	STREME-3	8.4e-002	chr20:45305300-45305654	8.83	tp	0
3-ASCAGRTGGCR	STREME-3	8.4e-002	chr7:95477072-95477621	8.81	tp	0
3-ASCAGRTGGCR	STREME-3	8.4e-002	chr11:6443306-6443717	8.81	fp	0
3-ASCAGRTGGCR	STREME-3	8.4e-002	chr2:85750579-85750850	8.80	tp	0
3-ASCAGRTGGCR	STREME-3	8.4e-002	chr14:22983342-22983667	8.80	tp	0
3-ASCAGRTGGCR	STREME-3	8.4e-002	chr4:48681130-48681414	8.78	tp	0
3-ASCAGRTGGCR	STREME-3	8.4e-002	chr4:40475678-40475989	8.77	tp	0
3-ASCAGRTGGCR	STREME-3	8.4e-002	chrX:150508224-150508766	8.76	fp	0
3-ASCAGRTGGCR	STREME-3	8.4e-002	chr22:29798486-29800273	8.75	tp	0
3-ASCAGRTGGCR	STREME-3	8.4e-002	chr14:100341494-100342089	8.74	tp	0
3-ASCAGRTGGCR	STREME-3	8.4e-002	chr1:103562172-103562473	8.74	fp	0
3-ASCAGRTGGCR	STREME-3	8.4e-002	chr15:40104799-40105169	8.73	tp	0
3-ASCAGRTGGCR	STREME-3	8.4e-002	chr17:48804881-48805419	8.71	tp	0
3-ASCAGRTGGCR	STREME-3	8.4e-002	chr22:45578035-45578316	8.67	tp	0
3-ASCAGRTGGCR	STREME-3	8.4e-002	chr22:45578035-45578316	8.67	fp	0
3-ASCAGRTGGCR	STREME-3	8.4e-002	chr17:82030544-82030760	8.67	fp	0
3-ASCAGRTGGCR	STREME-3	8.4e-002	chr3:180679285-180679589	8.67	tp	0
3-ASCAGRTGGCR	STREME-3	8.4e-002	chr2:157790068-157790637	8.65	fp	0
3-ASCAGRTGGCR	STREME-3	8.4e-002	chr10:99329102-99329631	8.65	tp	0
3-ASCAGRTGGCR	STREME-3	8.4e-002	chr11:1830772-1831461	8.64	tp	0
3-ASCAGRTGGCR	STREME-3	8.4e-002	chr14:64465192-64465877	8.64	fp	0
3-ASCAGRTGGCR	STREME-3	8.4e-002	chrX:44224749-44225242	8.62	tp	0
3-ASCAGRTGGCR	STREME-3	8.4e-002	chr19:13152712-13153264	8.60	tp	0
3-ASCAGRTGGCR	STREME-3	8.4e-002	chr17:45147442-45147853	8.59	tp	0
3-ASCAGRTGGCR	STREME-3	8.4e-002	chr9:128103042-128103454	8.58	tp	0
3-ASCAGRTGGCR	STREME-3	8.4e-002	chr16:57648317-57649499	8.57	fp	0
3-ASCAGRTGGCR	STREME-3	8.4e-002	chr20:23049441-23049989	8.56	fp	0
3-ASCAGRTGGCR	STREME-3	8.4e-002	chr2:27264693-27265379	8.52	tp	0
3-ASCAGRTGGCR	STREME-3	8.4e-002	chr3:169268931-169269392	8.51	fp	0
3-ASCAGRTGGCR	STREME-3	8.4e-002	chr11:110429855-110431045	8.50	fp	0
3-ASCAGRTGGCR	STREME-3	8.4e-002	chr20:62427240-62427929	8.49	fp	1
3-ASCAGRTGGCR	STREME-3	8.4e-002	chr17:62702872-62703684	8.49	tp	0
3-ASCAGRTGGCR	STREME-3	8.4e-002	chr10:102777046-102777537	8.47	tp	0
3-ASCAGRTGGCR	STREME-3	8.4e-002	chr15:48964325-48964873	8.47	tp	0
3-ASCAGRTGGCR	STREME-3	8.4e-002	chr17:74213405-74213800	8.46	tp	0
3-ASCAGRTGGCR	STREME-3	8.4e-002	chr1:150255947-150256228	8.42	tp	0
3-ASCAGRTGGCR	STREME-3	8.4e-002	chr8:37696613-37696839	8.42	tp	0
3-ASCAGRTGGCR	STREME-3	8.4e-002	chr19:45099765-45100286	8.41	tp	0
3-ASCAGRTGGCR	STREME-3	8.4e-002	chr3:94028365-94028884	8.41	tp	0
3-ASCAGRTGGCR	STREME-3	8.4e-002	chr20:64057744-64057988	8.35	fp	0
3-ASCAGRTGGCR	STREME-3	8.4e-002	chr22:28441573-28442115	8.35	fp	0
3-ASCAGRTGGCR	STREME-3	8.4e-002	chr1:225882873-225883116	8.34	tp	0
3-ASCAGRTGGCR	STREME-3	8.4e-002	chr13:109787291-109787964	8.34	fp	0
3-ASCAGRTGGCR	STREME-3	8.4e-002	chr8:125429256-125429590	8.34	fp	0
3-ASCAGRTGGCR	STREME-3	8.4e-002	chr11:57781490-57781944	8.34	tp	0
3-ASCAGRTGGCR	STREME-3	8.4e-002	chr1:177983079-177983418	8.30	fp	0
3-ASCAGRTGGCR	STREME-3	8.4e-002	chr2:219459411-219459774	8.30	tp	0
3-ASCAGRTGGCR	STREME-3	8.4e-002	chr2:238263504-238265164	8.26	tp	0
3-ASCAGRTGGCR	STREME-3	8.4e-002	chr1:42943264-42943667	8.26	fp	0
3-ASCAGRTGGCR	STREME-3	8.4e-002	chr2:190469291-190469550	8.26	tp	1
3-ASCAGRTGGCR	STREME-3	8.4e-002	chr14:58331025-58331460	8.25	tp	0
3-ASCAGRTGGCR	STREME-3	8.4e-002	chr1:203026245-203026834	8.22	tp	0
3-ASCAGRTGGCR	STREME-3	8.4e-002	chr11:111360044-111360518	8.21	tp	1
3-ASCAGRTGGCR	STREME-3	8.4e-002	chr11:111982073-111982353	8.18	tp	0
3-ASCAGRTGGCR	STREME-3	8.4e-002	chrX:44224749-44225242	8.17	fp	0
3-ASCAGRTGGCR	STREME-3	8.4e-002	chr1:26862770-26863239	8.16	fp	0
3-ASCAGRTGGCR	STREME-3	8.4e-002	chr19:1248410-1248776	8.15	tp	0
3-ASCAGRTGGCR	STREME-3	8.4e-002	chr16:249849-250585	8.13	fp	0
3-ASCAGRTGGCR	STREME-3	8.4e-002	chr1:235128697-235129205	8.10	fp	0
3-ASCAGRTGGCR	STREME-3	8.4e-002	chr1:161765308-161765552	8.09	fp	0
3-ASCAGRTGGCR	STREME-3	8.4e-002	chr3:177050857-177051083	8.09	tp	0
3-ASCAGRTGGCR	STREME-3	8.4e-002	chr5:151252615-151253327	8.09	fp	1
3-ASCAGRTGGCR	STREME-3	8.4e-002	chr9:94030474-94031359	8.07	fp	0
3-ASCAGRTGGCR	STREME-3	8.4e-002	chr3:64224975-64225607	8.07	fp	0
3-ASCAGRTGGCR	STREME-3	8.4e-002	chr17:64156542-64157040	8.06	tp	1
3-ASCAGRTGGCR	STREME-3	8.4e-002	chr6:12008471-12008719	8.06	tp	0
3-ASCAGRTGGCR	STREME-3	8.4e-002	chr11:75523884-75524301	8.05	tp	0
3-ASCAGRTGGCR	STREME-3	8.4e-002	chr11:68839164-68839614	8.05	tp	0
3-ASCAGRTGGCR	STREME-3	8.4e-002	chr1:209784024-209785058	8.05	tp	0
3-ASCAGRTGGCR	STREME-3	8.4e-002	chr1:227946635-227946948	8.03	tp	0
3-ASCAGRTGGCR	STREME-3	8.4e-002	chr5:111073042-111073486	8.03	fp	0
3-ASCAGRTGGCR	STREME-3	8.4e-002	chrX:56563287-56563991	8.02	tp	0
3-ASCAGRTGGCR	STREME-3	8.4e-002	chr13:49109913-49110456	8.01	tp	1
3-ASCAGRTGGCR	STREME-3	8.4e-002	chr6:26234615-26235145	8.00	tp	0
3-ASCAGRTGGCR	STREME-3	8.4e-002	chr19:45478425-45478751	7.97	fp	1
3-ASCAGRTGGCR	STREME-3	8.4e-002	chr9:112112968-112113466	7.96	tp	0
3-ASCAGRTGGCR	STREME-3	8.4e-002	chr7:23394165-23394868	7.94	fp	0
3-ASCAGRTGGCR	STREME-3	8.4e-002	chr9:132241755-132242331	7.94	tp	0
3-ASCAGRTGGCR	STREME-3	8.4e-002	chr5:167573883-167574092	7.94	fp	0
3-ASCAGRTGGCR	STREME-3	8.4e-002	chr13:91398393-91399076	7.92	tp	0
3-ASCAGRTGGCR	STREME-3	8.4e-002	chr4:122152129-122153335	7.91	tp	0
3-ASCAGRTGGCR	STREME-3	8.4e-002	chr2:157790068-157790637	7.89	tp	0
3-ASCAGRTGGCR	STREME-3	8.4e-002	chr11:63917824-63918402	7.88	tp	0
3-ASCAGRTGGCR	STREME-3	8.4e-002	chr12:11885165-11886085	7.87	tp	0
3-ASCAGRTGGCR	STREME-3	8.4e-002	chr20:34312357-34313057	7.85	tp	0
3-ASCAGRTGGCR	STREME-3	8.4e-002	chr7:105690804-105691459	7.84	tp	0
3-ASCAGRTGGCR	STREME-3	8.4e-002	chr11:66282502-66282907	7.84	tp	0
3-ASCAGRTGGCR	STREME-3	8.4e-002	chr6:122609953-122610809	7.84	tp	0
3-ASCAGRTGGCR	STREME-3	8.4e-002	chr19:47229979-47231718	7.83	tp	1
3-ASCAGRTGGCR	STREME-3	8.4e-002	chr20:324083-324855	7.83	tp	0
3-ASCAGRTGGCR	STREME-3	8.4e-002	chr8:81694981-81695246	7.82	tp	0
3-ASCAGRTGGCR	STREME-3	8.4e-002	chr9:137169922-137170360	7.82	fp	0
3-ASCAGRTGGCR	STREME-3	8.4e-002	chr1:26862770-26863239	7.82	tp	0
3-ASCAGRTGGCR	STREME-3	8.4e-002	chr6:34391597-34392073	7.80	tp	0
3-ASCAGRTGGCR	STREME-3	8.4e-002	chr3:50364662-50365581	7.77	tp	0
3-ASCAGRTGGCR	STREME-3	8.4e-002	chr7:101126808-101127390	7.77	tp	0
3-ASCAGRTGGCR	STREME-3	8.4e-002	chrX:16123261-16123625	7.76	fp	0
3-ASCAGRTGGCR	STREME-3	8.4e-002	chr1:103106826-103107274	7.75	fp	0
3-ASCAGRTGGCR	STREME-3	8.4e-002	chr6:108656591-108657106	7.74	fp	0
3-ASCAGRTGGCR	STREME-3	8.4e-002	chr1:120176111-120176901	7.73	tp	0
3-ASCAGRTGGCR	STREME-3	8.4e-002	chr11:111926673-111927597	7.71	tp	0
3-ASCAGRTGGCR	STREME-3	8.4e-002	chr17:73191522-73191837	7.70	tp	0
3-ASCAGRTGGCR	STREME-3	8.4e-002	chr6:125780111-125780738	7.69	fp	1
3-ASCAGRTGGCR	STREME-3	8.4e-002	chr12:32534004-32534549	7.69	fp	0
3-ASCAGRTGGCR	STREME-3	8.4e-002	chr2:66496376-66496959	7.68	tp	0
3-ASCAGRTGGCR	STREME-3	8.4e-002	chr2:54557651-54559117	7.67	tp	0
3-ASCAGRTGGCR	STREME-3	8.4e-002	chr9:94030474-94031359	7.66	tp	0
3-ASCAGRTGGCR	STREME-3	8.4e-002	chr11:47161023-47161554	7.66	tp	0
#
4-GAGGGAAAG	STREME-4	3.8e-001	chr12:124387481-124387917	13.58	tp	0
4-GAGGGAAAG	STREME-4	3.8e-001	chr15:40104799-40105169	13.58	tp	0
4-GAGGGAAAG	STREME-4	3.8e-001	chr17:45148122-45148921	13.58	tp	0
4-GAGGGAAAG	STREME-4	3.8e-001	chr10:76036389-76036755	13.58	tp	1
4-GAGGGAAAG	STREME-4	3.8e-001	chr11:66348082-66348431	12.52	fp	0
4-GAGGGAAAG	STREME-4	3.8e-001	chr17:9020804-9021836	12.52	fp	0
4-GAGGGAAAG	STREME-4	3.8e-001	chr16:71746395-71746740	12.52	tp	1
4-GAGGGAAAG	STREME-4	3.8e-001	chr2:223957143-223957795	12.48	tp	0
4-GAGGGAAAG	STREME-4	3.8e-001	chr14:69574538-69575018	12.17	tp	0
4-GAGGGAAAG	STREME-4	3.8e-001	chr17:82230936-82231425	12.17	tp	0
4-GAGGGAAAG	STREME-4	3.8e-001	chr4:112145288-112146332	12.17	tp	0
4-GAGGGAAAG	STREME-4	3.8e-001	chr2:233013114-233013597	12.17	tp	0
4-GAGGGAAAG	STREME-4	3.8e-001	chr5:151252615-151253327	12.17	tp	0
4-GAGGGAAAG	STREME-4	3.8e-001	chr7:1087954-1088347	12.17	tp	0
4-GAGGGAAAG	STREME-4	3.8e-001	chr1:224513765-224514091	12.17	tp	0
4-GAGGGAAAG	STREME-4	3.8e-001	chr20:44960115-44960682	12.17	fp	0
4-GAGGGAAAG	STREME-4	3.8e-001	chr8:107495813-107496382	12.15	tp	0
4-GAGGGAAAG	STREME-4	3.8e-001	chr12:6825657-6825895	12.15	tp	0
4-GAGGGAAAG	STREME-4	3.8e-001	chr9:112112968-112113466	12.15	fp	0
4-GAGGGAAAG	STREME-4	3.8e-001	chr2:88054535-88056017	11.16	tp	0
4-GAGGGAAAG	STREME-4	3.8e-001	chr17:30831825-30832338	11.16	tp	0
4-GAGGGAAAG	STREME-4	3.8e-001	chr16:57648317-57649499	11.16	tp	0
4-GAGGGAAAG	STREME-4	3.8e-001	chr2:88054535-88056017	11.16	fp	0
4-GAGGGAAAG	STREME-4	3.8e-001	chr11:64269864-64270612	11.11	tp	0
4-GAGGGAAAG	STREME-4	3.8e-001	chr11:66282502-66282907	11.11	fp	0
4-GAGGGAAAG	STREME-4	3.8e-001	chr2:223957143-223957795	11.10	fp	0
4-GAGGGAAAG	STREME-4	3.8e-001	chr3:170049487-170049956	10.99	tp	0
4-GAGGGAAAG	STREME-4	3.8e-001	chr1:26692908-26693489	10.98	tp	0
4-GAGGGAAAG	STREME-4	3.8e-001	chr12:4273466-4273898	10.98	tp	0
4-GAGGGAAAG	STREME-4	3.8e-001	chr17:9020804-9021836	10.98	tp	0
4-GAGGGAAAG	STREME-4	3.8e-001	chr6:117675044-117676260	10.98	tp	0
4-GAGGGAAAG	STREME-4	3.8e-001	chr11:84437309-84437980	10.98	tp	0
4-GAGGGAAAG	STREME-4	3.8e-001	chr1:26862770-26863239	10.98	fp	0
4-GAGGGAAAG	STREME-4	3.8e-001	chr11:30584334-30584881	10.98	tp	1
4-GAGGGAAAG	STREME-4	3.8e-001	chr19:49150518-49150931	10.98	tp	1
4-GAGGGAAAG	STREME-4	3.8e-001	chr10:99329102-99329631	10.98	fp	1
4-GAGGGAAAG	STREME-4	3.8e-001	chr17:38967317-38967805	10.98	fp	1
4-GAGGGAAAG	STREME-4	3.8e-001	chr14:22983342-22983667	10.77	tp	0
4-GAGGGAAAG	STREME-4	3.8e-001	chr6:13407790-13408360	10.74	tp	0
4-GAGGGAAAG	STREME-4	3.8e-001	chr3:187368158-187368655	10.62	tp	0
4-GAGGGAAAG	STREME-4	3.8e-001	chr18:48930015-48930421	10.62	tp	0
4-GAGGGAAAG	STREME-4	3.8e-001	chr3:9422633-9423456	10.52	tp	0
4-GAGGGAAAG	STREME-4	3.8e-001	chr19:18741653-18742035	10.47	tp	0
4-GAGGGAAAG	STREME-4	3.8e-001	chr1:2208127-2208608	10.47	fp	0
4-GAGGGAAAG	STREME-4	3.8e-001	chr17:8798882-8799693	10.42	tp	0
4-GAGGGAAAG	STREME-4	3.8e-001	chr19:18110668-18111265	10.41	tp	0
4-GAGGGAAAG	STREME-4	3.8e-001	chr2:33291345-33291835	10.41	tp	0
4-GAGGGAAAG	STREME-4	3.8e-001	chr1:169712061-169712374	10.41	tp	1
4-GAGGGAAAG	STREME-4	3.8e-001	chr2:68251044-68251306	10.41	fp	1
4-GAGGGAAAG	STREME-4	3.8e-001	chr14:69657875-69658338	10.37	tp	0
4-GAGGGAAAG	STREME-4	3.8e-001	chrX:106726474-106727230	10.37	tp	0
4-GAGGGAAAG	STREME-4	3.8e-001	chr17:39632232-39632562	10.36	tp	0
4-GAGGGAAAG	STREME-4	3.8e-001	chr1:66929885-66930953	10.36	tp	0
4-GAGGGAAAG	STREME-4	3.8e-001	chr1:200895441-200895724	10.36	fp	0
4-GAGGGAAAG	STREME-4	3.8e-001	chr3:184145023-184145697	10.19	tp	1
4-GAGGGAAAG	STREME-4	3.8e-001	chr14:55411255-55412075	10.11	fp	0
4-GAGGGAAAG	STREME-4	3.8e-001	chr1:209784024-209785058	10.11	fp	1
4-GAGGGAAAG	STREME-4	3.8e-001	chr2:68251044-68251306	9.92	tp	0
4-GAGGGAAAG	STREME-4	3.8e-001	chr4:7192374-7192806	9.92	tp	0
4-GAGGGAAAG	STREME-4	3.8e-001	chr10:99329102-99329631	9.92	tp	0
4-GAGGGAAAG	STREME-4	3.8e-001	chrX:30888717-30889943	9.92	tp	0
4-GAGGGAAAG	STREME-4	3.8e-001	chr6:26156158-26156618	9.92	tp	0
4-GAGGGAAAG	STREME-4	3.8e-001	chr9:122912953-122914128	9.88	tp	0
4-GAGGGAAAG	STREME-4	3.8e-001	chrX:139931957-139933363	9.88	tp	0
4-GAGGGAAAG	STREME-4	3.8e-001	chr1:94061089-94062028	9.85	fp	0
4-GAGGGAAAG	STREME-4	3.8e-001	chr17:2025983-2026320	9.83	tp	0
4-GAGGGAAAG	STREME-4	3.8e-001	chr12:77324534-77325391	9.83	tp	0
4-GAGGGAAAG	STREME-4	3.8e-001	chr1:184386278-184387239	9.83	tp	0
4-GAGGGAAAG	STREME-4	3.8e-001	chr13:109787291-109787964	9.83	fp	0
4-GAGGGAAAG	STREME-4	3.8e-001	chr6:143511275-143512069	9.80	fp	0
4-GAGGGAAAG	STREME-4	3.8e-001	chr1:184036740-184037796	9.80	tp	1
4-GAGGGAAAG	STREME-4	3.8e-001	chr6:35294353-35294595	9.77	tp	0
4-GAGGGAAAG	STREME-4	3.8e-001	chr19:15281028-15281487	9.77	tp	0
4-GAGGGAAAG	STREME-4	3.8e-001	chr1:205801259-205801873	9.77	tp	0
4-GAGGGAAAG	STREME-4	3.8e-001	chr20:844338-845042	9.77	tp	0
4-GAGGGAAAG	STREME-4	3.8e-001	chr17:40560218-40560848	9.77	tp	0
4-GAGGGAAAG	STREME-4	3.8e-001	chr11:12281582-12282317	9.77	tp	0
4-GAGGGAAAG	STREME-4	3.8e-001	chr11:47161023-47161554	9.75	tp	0
4-GAGGGAAAG	STREME-4	3.8e-001	chr1:204376982-204377537	9.75	tp	0
4-GAGGGAAAG	STREME-4	3.8e-001	chr9:112112968-112113466	9.75	tp	0
4-GAGGGAAAG	STREME-4	3.8e-001	chr18:22168348-22168849	9.75	tp	0
4-GAGGGAAAG	STREME-4	3.8e-001	chr19:48970745-48971128	9.75	fp	0
4-GAGGGAAAG	STREME-4	3.8e-001	chr6:137218978-137219780	9.75	tp	0
4-GAGGGAAAG	STREME-4	3.8e-001	chr8:143877914-143878802	9.74	tp	0
4-GAGGGAAAG	STREME-4	3.8e-001	chr8:116658446-116658799	9.74	tp	0
4-GAGGGAAAG	STREME-4	3.8e-001	chr20:50109999-50110607	9.74	fp	0
4-GAGGGAAAG	STREME-4	3.8e-001	chr2:98909412-98909986	9.68	fp	0
4-GAGGGAAAG	STREME-4	3.8e-001	chr1:94061089-94062028	9.55	tp	0
4-GAGGGAAAG	STREME-4	3.8e-001	chr6:2244639-2245968	9.55	tp	0
4-GAGGGAAAG	STREME-4	3.8e-001	chr11:75523884-75524301	9.55	tp	0
4-GAGGGAAAG	STREME-4	3.8e-001	chr6:26020344-26020576	9.45	tp	0
4-GAGGGAAAG	STREME-4	3.8e-001	chr11:66282502-66282907	9.42	tp	0
4-GAGGGAAAG	STREME-4	3.8e-001	chr22:28441573-28442115	9.42	tp	0
4-GAGGGAAAG	STREME-4	3.8e-001	chr10:95628507-95629157	9.42	fp	0
4-GAGGGAAAG	STREME-4	3.8e-001	chr1:109250253-109250900	9.42	fp	1
#
5-CCCCACCCCA	STREME-5	8.2e-001	chr15:40845597-40846456	15.30	tp	0
5-CCCCACCCCA	STREME-5	8.2e-001	chr10:101570066-101570452	15.30	tp	0
5-CCCCACCCCA	STREME-5	8.2e-001	chr1:184387453-184387819	15.30	tp	1
5-CCCCACCCCA	STREME-5	8.2e-001	chr1:35191742-35193596	15.30	fp	1
5-CCCCACCCCA	STREME-5	8.2e-001	chr9:35646717-35647415	14.45	tp	0
5-CCCCACCCCA	STREME-5	8.2e-001	chr5:159331380-159331874	14.21	tp	0
5-CCCCACCCCA	STREME-5	8.2e-001	chr9:33076317-33076795	14.21	tp	0
5-CCCCACCCCA	STREME-5	8.2e-001	chr10:101840696-101840995	14.21	tp	0
5-CCCCACCCCA	STREME-5	8.2e-001	chr4:2536201-2537011	14.05	tp	0
5-CCCCACCCCA	STREME-5	8.2e-001	chr15:76191411-76192288	14.05	tp	0
5-CCCCACCCCA	STREME-5	8.2e-001	chr2:17518380-17518764	14.05	tp	0
5-CCCCACCCCA	STREME-5	8.2e-001	chr7:92836520-92837067	14.05	tp	0
5-CCCCACCCCA	STREME-5	8.2e-001	chr17:78924912-78925737	14.05	tp	0
5-CCCCACCCCA	STREME-5	8.2e-001	chr19:4715718-4716072	13.87	tp	0
5-CCCCACCCCA	STREME-5	8.2e-001	chr20:64057744-64057988	13.87	tp	0
5-CCCCACCCCA	STREME-5	8.2e-001	chr6:150600362-150601100	13.20	fp	1
5-CCCCACCCCA	STREME-5	8.2e-001	chr17:44556975-44557486	13.01	tp	0
5-CCCCACCCCA	STREME-5	8.2e-001	chr16:74740690-74741293	12.86	tp	0
5-CCCCACCCCA	STREME-5	8.2e-001	chr11:66282502-66282907	12.75	tp	0
5-CCCCACCCCA	STREME-5	8.2e-001	chr4:89307367-89308345	12.65	tp	1
5-CCCCACCCCA	STREME-5	8.2e-001	chr20:17530806-17531571	12.58	tp	0
5-CCCCACCCCA	STREME-5	8.2e-001	chr6:122609953-122610809	12.58	tp	0
5-CCCCACCCCA	STREME-5	8.2e-001	chr11:707638-708020	12.49	tp	0
5-CCCCACCCCA	STREME-5	8.2e-001	chr20:50929359-50929830	12.43	tp	0
5-CCCCACCCCA	STREME-5	8.2e-001	chr11:110092503-110094080	12.36	tp	0
5-CCCCACCCCA	STREME-5	8.2e-001	chr10:59905284-59905684	12.00	tp	0
5-CCCCACCCCA	STREME-5	8.2e-001	chr19:39156401-39156860	11.92	tp	0
5-CCCCACCCCA	STREME-5	8.2e-001	chr5:157328326-157328736	11.77	tp	0
5-CCCCACCCCA	STREME-5	8.2e-001	chr13:113297184-113297552	11.66	tp	0
5-CCCCACCCCA	STREME-5	8.2e-001	chr19:29212632-29213511	11.50	tp	0
5-CCCCACCCCA	STREME-5	8.2e-001	chr7:105691722-105692058	11.37	fp	1
5-CCCCACCCCA	STREME-5	8.2e-001	chr10:102241370-102241835	11.33	tp	0
5-CCCCACCCCA	STREME-5	8.2e-001	chr14:68792885-68793256	11.33	tp	0
5-CCCCACCCCA	STREME-5	8.2e-001	chr13:20192481-20193284	11.31	tp	0
5-CCCCACCCCA	STREME-5	8.2e-001	chr2:88054535-88056017	10.97	tp	0
